1st_Road_Number,Police_Force,Year,heure_num,Day_of_Week,2nd_Road_Number,1st_Road_Class,Number_of_Vehicles,Number_of_Casualties,Speed_limit,Accident_Severity
371,52,2009,15.0,1,0,3,2,1,60,1
0,50,2012,17.0,5,0,6,1,2,60,2
422,43,2013,21.0,7,0,3,1,1,50,2
458,63,2012,14.0,1,0,3,4,5,30,3
0,12,2005,17.0,3,0,6,1,1,30,3
0,1,2011,12.0,7,0,6,2,1,30,2
5201,5,2007,8.0,7,0,4,1,1,40,3
0,62,2012,16.0,7,0,6,2,1,60,2
411,41,2006,0.0,1,0,3,1,1,40,2
1010,1,2007,20.0,3,0,3,2,1,30,2
1,1,2009,13.0,3,1200,3,1,1,30,2
426,33,2013,13.0,1,4711,3,2,1,60,3
18,16,2011,6.0,5,0,3,3,4,40,1
112,11,2013,22.0,6,0,5,2,1,30,2
4418,60,2011,8.0,4,0,4,1,1,30,3
356,55,2010,10.0,1,0,3,2,5,60,2
164,16,2012,8.0,2,0,3,2,2,50,2
0,55,2009,14.0,1,0,6,2,1,30,2
584,4,2012,11.0,7,0,3,1,1,30,1
4,48,2013,22.0,5,4,3,1,1,30,2
6,33,2009,16.0,5,9408,3,2,2,60,1
0,14,2010,8.0,5,0,6,1,1,30,2
90,92,2014,15.0,1,0,3,2,1,40,1
1055,1,2011,5.0,7,0,3,2,1,30,1
682,4,2005,16.0,7,0,3,2,4,30,3
1,14,2007,18.0,3,629,1,4,5,70,1
28,46,2011,17.0,1,0,3,2,1,30,2
730,14,2009,4.0,1,0,5,3,1,30,3
27,44,2014,8.0,5,27,3,1,1,70,2
4017,52,2006,19.0,7,0,3,4,1,30,1
327,43,2014,6.0,6,0,3,2,1,40,1
0,1,2014,15.0,7,0,5,1,1,30,2
52,31,2006,17.0,6,28,3,2,1,60,3
1033,42,2011,16.0,2,0,4,4,2,30,3
465,62,2007,13.0,7,0,3,3,4,60,1
5276,5,2014,10.0,6,0,4,2,1,30,3
1393,42,2005,18.0,2,0,4,2,2,60,2
272,1,2010,8.0,2,0,4,2,1,30,2
248,45,2014,17.0,1,0,5,3,4,30,3
4114,33,2011,6.0,5,0,4,2,2,60,2
1231,16,2013,12.0,4,0,4,2,1,30,1
618,14,2010,8.0,6,0,3,1,1,30,3
4500,34,2005,18.0,7,-1,3,2,3,60,1
0,22,2014,15.0,4,0,6,1,1,30,1
33,47,2009,12.0,7,0,5,2,2,30,2
39,50,2014,11.0,1,0,3,3,2,60,1
3074,55,2013,13.0,7,0,4,2,4,30,3
3008,1,2009,23.0,4,0,3,1,1,30,1
4,43,2005,18.0,1,0,3,1,1,60,1
47,36,2005,11.0,7,123,3,2,1,60,1
3010,46,2009,19.0,3,0,6,2,1,30,2
38,20,2011,12.0,2,0,3,2,1,40,3
206,1,2010,17.0,2,0,3,2,1,30,3
607,33,2005,12.0,7,0,3,3,2,60,1
0,6,2005,9.0,6,0,6,1,1,30,2
4174,20,2011,7.0,1,0,4,1,1,30,3
354,55,2007,16.0,7,0,3,3,1,60,1
0,3,2012,10.0,4,0,6,1,1,30,2
1010,1,2013,17.0,5,0,3,2,1,30,2
402,1,2011,6.0,2,0,3,2,1,30,3
43,21,2005,14.0,4,0,6,2,1,60,3
174,1,2012,15.0,3,1112,4,2,2,30,3
9,96,2011,3.0,1,0,3,1,1,40,3
109,1,2006,9.0,4,0,3,2,1,30,3
38,50,2006,11.0,5,0,3,2,1,70,1
474,43,2005,9.0,3,526,4,1,1,30,2
83,97,2013,16.0,4,0,3,2,1,60,1
0,44,2009,17.0,4,0,6,2,1,30,3
0,60,2007,15.0,5,0,6,1,1,60,1
645,13,2010,12.0,1,0,3,2,2,30,3
0,1,2009,10.0,4,0,6,1,1,30,1
6107,13,2005,14.0,3,0,4,2,1,30,2
491,46,2011,15.0,6,0,5,2,1,30,3
0,22,2007,22.0,4,0,6,1,1,30,3
0,62,2009,20.0,1,0,6,1,3,30,1
0,63,2011,11.0,6,0,6,2,2,60,3
57,5,2006,17.0,6,0,3,1,1,30,2
4525,34,2011,20.0,2,0,4,2,4,50,1
5020,7,2013,19.0,6,0,3,1,1,60,1
0,44,2010,13.0,1,0,6,1,1,30,2
0,30,2013,20.0,1,0,6,2,1,30,2
0,42,2006,14.0,5,0,6,1,2,30,1
1075,36,2012,10.0,7,0,3,1,1,60,1
140,37,2014,3.0,1,0,3,1,1,50,1
1006,42,2013,7.0,2,0,4,2,1,30,1
173,50,2014,17.0,4,5,5,2,1,40,2
23,47,2005,17.0,5,0,1,2,1,70,3
240,45,2005,17.0,5,2022,3,2,1,30,3
0,52,2013,9.0,2,0,6,1,1,30,1
2,46,2012,22.0,4,0,3,1,1,70,3
1172,32,2007,16.0,5,0,4,1,1,30,3
158,41,2007,22.0,6,0,5,2,1,30,1
23,47,2010,16.0,5,0,1,1,1,70,2
696,10,2006,23.0,1,0,3,2,2,70,1
167,10,2005,17.0,5,126,3,2,1,30,3
2129,10,2014,12.0,1,2129,6,2,1,30,2
86,14,2006,10.0,7,0,5,1,1,30,1
0,4,2005,13.0,1,0,6,2,1,60,1
1009,1,2014,15.0,5,0,3,2,2,30,3
201,48,2013,17.0,4,0,3,3,2,30,3
0,42,2014,11.0,5,0,6,2,1,30,2
45,34,2010,15.0,3,6018,3,2,1,30,2
22,47,2005,14.0,5,2124,3,2,1,60,1
0,20,2006,18.0,7,0,6,2,1,30,2
0,4,2014,23.0,7,0,6,2,2,60,2
0,6,2013,13.0,4,0,5,2,1,20,2
1713,46,2007,13.0,2,0,6,1,1,30,1
0,13,2009,12.0,7,0,6,2,1,20,2
35,55,2014,8.0,6,3068,3,2,1,30,2
1063,37,2014,10.0,2,0,4,2,1,60,1
62,16,2009,20.0,4,0,1,1,1,70,3
0,20,2012,22.0,1,0,6,1,3,30,3
352,45,2011,8.0,6,0,6,1,1,30,2
198,95,2010,13.0,7,1345,3,2,1,60,3
1,33,2007,18.0,2,0,1,1,1,70,1
4,43,2009,7.0,7,327,3,2,1,30,3
0,30,2005,17.0,4,0,6,2,1,30,3
31,44,2005,16.0,4,0,3,1,1,70,1
1,1,2010,17.0,2,0,3,2,1,30,3
3021,44,2006,17.0,2,0,3,2,1,60,2
2050,46,2005,23.0,4,0,3,2,1,30,3
6036,13,2006,12.0,6,0,3,2,1,40,2
6189,6,2009,19.0,7,0,4,1,1,30,1
1000,1,2007,1.0,1,110,3,1,1,30,1
664,6,2013,10.0,1,0,3,3,2,30,3
1,1,2012,22.0,4,411,3,1,1,30,2
305,1,2009,14.0,3,0,4,1,1,30,3
2058,46,2011,23.0,4,0,4,2,4,60,1
610,31,2012,17.0,5,0,3,2,4,30,3
0,35,2005,17.0,6,0,6,2,1,30,3
609,30,2010,23.0,4,0,3,3,1,30,3
282,46,2007,8.0,2,0,3,2,2,50,3
4091,22,2009,19.0,6,0,4,1,2,30,1
0,92,2007,4.0,2,0,6,1,1,60,1
582,33,2010,19.0,7,4168,4,2,2,30,3
4206,22,2012,8.0,4,0,4,1,1,30,1
0,20,2005,8.0,3,0,6,1,2,30,1
4,1,2012,0.0,6,316,3,2,1,30,3
16,16,2005,1.0,6,46,3,1,1,30,1
304,1,2005,15.0,6,0,3,2,2,30,1
282,46,2013,21.0,6,0,3,2,1,40,3
379,50,2005,14.0,5,0,3,2,1,60,3
5105,4,2005,15.0,5,0,3,1,1,40,1
137,1,2011,8.0,5,0,4,3,2,30,2
0,47,2010,16.0,3,0,6,2,1,30,3
218,40,2007,15.0,5,0,6,1,1,30,2
3056,44,2007,14.0,5,0,3,3,3,50,1
5058,5,2005,12.0,7,567,3,1,1,30,3
271,47,2006,16.0,7,0,3,1,2,60,2
0,5,2012,13.0,6,0,6,1,1,30,3
5102,10,2010,11.0,7,0,6,1,1,30,3
0,42,2014,2.0,3,0,6,1,1,60,1
1,12,2014,11.0,2,0,2,2,5,70,2
49,22,2014,16.0,7,0,3,4,2,60,3
11,35,2006,5.0,6,0,1,3,1,70,1
0,95,2005,18.0,5,0,6,2,1,30,3
38,52,2014,19.0,2,0,3,2,6,40,2
4520,63,2014,20.0,2,0,4,1,1,60,2
6,55,2009,9.0,6,0,5,2,1,60,1
0,20,2007,10.0,3,0,6,2,2,30,1
339,35,2005,18.0,3,0,5,3,1,30,1
1104,32,2014,16.0,6,0,3,3,8,60,1
4130,43,2005,8.0,6,0,3,2,1,60,1
265,47,2009,20.0,2,0,3,2,1,30,2
14,37,2009,8.0,5,14,3,3,1,70,2
11,36,2007,15.0,6,1077,3,3,5,70,3
1,95,2010,19.0,4,0,3,2,1,70,1
0,4,2006,22.0,5,0,6,2,4,30,2
3192,50,2014,12.0,5,0,4,3,1,60,3
540,7,2007,9.0,1,0,3,3,2,60,1
105,1,2006,10.0,6,0,3,2,1,30,2
0,1,2005,3.0,2,0,5,1,1,30,3
46,32,2010,11.0,6,0,3,3,1,60,1
303,52,2010,19.0,6,0,3,1,1,60,2
45,34,2006,10.0,3,0,3,4,2,70,1
0,97,2013,1.0,3,0,6,1,1,30,2
5,60,2005,17.0,1,0,3,2,1,60,1
5266,4,2007,8.0,4,0,4,1,1,30,2
13,1,2005,20.0,3,0,3,3,4,70,2
397,44,2013,23.0,1,0,3,2,1,30,3
2214,1,2012,19.0,5,0,3,2,1,30,2
857,91,2010,14.0,6,0,3,1,1,40,1
5,21,2009,23.0,7,0,3,1,1,60,3
3333,44,2013,16.0,5,3385,4,2,1,30,3
4310,63,2005,7.0,6,0,4,3,2,30,2
562,5,2005,15.0,1,0,3,1,2,70,1
4195,22,2012,18.0,4,0,4,1,1,30,1
72,95,2010,17.0,2,0,3,2,1,30,3
0,54,2013,20.0,2,0,6,2,1,30,2
1009,1,2009,18.0,3,0,3,1,1,30,1
165,30,2010,18.0,4,0,5,1,1,60,3
129,43,2009,12.0,6,0,6,2,1,30,3
696,10,2011,12.0,1,0,3,2,2,60,1
411,41,2013,6.0,2,0,3,1,1,30,1
591,3,2011,15.0,5,0,3,1,1,30,2
923,93,2009,11.0,3,0,3,2,1,30,2
3002,44,2007,18.0,1,0,4,1,3,50,1
2177,44,2012,15.0,6,0,4,2,2,40,1
638,13,2011,17.0,7,0,3,1,1,30,2
4152,46,2009,19.0,4,0,6,2,1,30,3
5063,6,2006,15.0,1,0,3,2,1,40,1
0,14,2013,14.0,1,0,6,1,1,40,3
0,55,2011,12.0,7,3049,6,2,1,30,2
270,47,2012,9.0,3,0,3,2,1,30,3
0,97,2006,22.0,1,0,6,2,1,30,2
6428,13,2005,19.0,4,0,4,2,1,60,1
2266,45,2013,16.0,3,0,6,3,1,30,2
897,53,2005,19.0,3,0,6,2,1,30,1
27,47,2012,17.0,6,0,3,1,1,70,1
0,20,2007,12.0,4,0,6,2,1,30,2
21,31,2010,8.0,6,0,5,2,1,60,3
0,47,2011,15.0,1,0,6,1,2,30,2
3181,50,2006,16.0,5,0,4,2,1,60,3
4,43,2009,6.0,2,0,1,1,1,70,1
706,95,2005,23.0,3,0,3,1,1,60,1
5032,7,2012,16.0,6,0,3,2,2,30,3
0,61,2011,16.0,2,0,6,1,1,30,2
2004,46,2005,13.0,6,0,4,2,2,30,3
572,6,2006,20.0,3,0,3,2,1,30,2
0,6,2010,18.0,6,0,6,1,1,30,2
0,4,2014,18.0,2,0,6,1,1,30,3
0,60,2009,8.0,4,0,6,1,1,30,3
0,14,2005,16.0,4,1,6,2,1,70,3
0,11,2010,11.0,2,0,6,1,2,60,3
11,36,2007,13.0,4,0,3,2,1,70,2
272,47,2013,21.0,6,0,3,3,4,60,1
520,21,2007,15.0,1,0,3,2,3,60,1
345,54,2007,21.0,1,0,3,1,2,40,1
0,20,2006,20.0,4,0,6,1,1,30,2
84,96,2006,9.0,2,0,3,1,2,60,2
19,55,2007,8.0,2,0,5,2,2,30,3
94,93,2005,11.0,5,0,3,3,1,60,1
449,61,2011,13.0,6,0,3,1,1,70,1
172,31,2006,23.0,4,0,5,2,2,30,3
85,40,2005,22.0,5,0,5,1,4,60,1
32,44,2011,17.0,6,0,3,2,3,40,1
1023,42,2007,21.0,3,186,3,2,1,30,3
1086,11,2011,23.0,7,0,3,1,2,30,1
57,5,2011,21.0,4,0,3,1,2,30,1
0,50,2013,22.0,6,0,6,2,1,30,2
303,52,2006,14.0,5,0,3,1,1,70,1
482,63,2005,18.0,3,0,3,1,1,30,1
12,42,2011,12.0,1,0,3,1,2,70,2
6175,30,2014,15.0,7,0,3,2,1,30,2
660,13,2006,15.0,4,0,3,2,2,40,1
34,21,2011,14.0,3,45,3,2,2,60,1
49,22,2007,19.0,5,0,3,2,1,60,1
278,1,2012,12.0,6,0,4,2,1,30,1
5,22,2012,6.0,1,0,1,2,3,70,2
0,6,2013,18.0,1,0,5,1,1,30,2
4,1,2011,0.0,2,0,3,2,2,30,3
1010,1,2011,17.0,4,0,3,2,1,30,3
444,20,2011,16.0,4,0,3,2,1,40,2
0,35,2006,13.0,7,0,6,2,2,30,2
6057,30,2010,10.0,6,61,4,2,3,30,3
4311,54,2009,9.0,5,0,3,1,2,40,2
430,53,2007,17.0,6,8002,3,1,1,30,2
530,7,2007,23.0,3,0,3,3,6,60,1
68,10,2014,15.0,7,0,3,1,1,60,3
680,4,2014,23.0,3,0,3,1,2,50,1
2,1,2011,17.0,4,0,3,2,1,30,3
237,1,2006,8.0,2,0,3,2,1,30,2
545,47,2012,10.0,2,0,5,2,1,30,3
5009,21,2007,18.0,3,0,3,1,1,30,1
67,50,2007,8.0,6,0,5,2,1,30,3
0,5,2006,17.0,7,0,6,1,1,30,3
464,22,2009,19.0,2,0,3,3,3,60,3
0,4,2013,18.0,2,0,6,1,1,30,3
6428,14,2006,12.0,3,0,4,1,1,30,3
534,7,2005,19.0,7,609,3,2,1,60,2
0,4,2014,9.0,5,0,6,2,1,30,3
2130,45,2014,21.0,5,0,4,2,3,60,1
237,1,2011,13.0,2,0,3,1,1,30,3
50,21,2007,19.0,4,500,3,2,2,30,2
3078,55,2013,17.0,3,0,4,2,2,60,1
25,1,2011,17.0,3,0,1,2,2,70,2
6135,14,2005,15.0,4,0,3,1,2,60,2
5,34,2009,11.0,4,7041,5,2,1,30,3
1151,36,2009,20.0,3,0,3,2,1,30,3
406,1,2009,13.0,3,40,3,2,1,30,3
0,6,2012,19.0,6,0,5,1,1,60,1
0,6,2012,11.0,3,0,6,2,1,30,3
1219,16,2012,8.0,6,0,4,2,1,30,1
580,6,2012,20.0,7,0,3,2,3,50,1
154,1,2005,10.0,4,0,4,1,1,30,1
137,37,2007,20.0,3,0,3,1,1,60,1
0,4,2007,16.0,7,0,6,1,1,30,1
689,3,2006,14.0,1,0,3,1,1,60,3
70,97,2010,19.0,2,0,3,1,1,30,2
167,23,2005,20.0,3,45,5,3,2,30,1
0,22,2012,19.0,7,0,6,1,1,30,3
0,20,2005,15.0,4,0,6,1,2,40,1
1168,32,2005,18.0,7,0,4,1,1,30,2
207,1,2012,13.0,7,209,3,1,1,30,1
1365,12,2007,17.0,7,0,4,2,2,60,1
0,42,2006,1.0,2,0,6,2,5,30,2
517,1,2006,0.0,7,0,4,2,1,30,2
23,1,2012,11.0,3,0,3,1,1,30,1
0,62,2013,16.0,5,0,6,2,2,30,2
1026,42,2010,19.0,5,0,4,1,1,50,2
0,1,2014,18.0,6,0,6,2,1,30,3
0,55,2012,20.0,3,0,6,2,1,30,3
0,1,2012,17.0,7,0,6,2,1,30,3
5032,7,2011,18.0,7,0,3,2,2,30,3
34,21,2012,0.0,7,0,3,1,1,60,3
1048,7,2006,9.0,5,0,5,1,1,30,3
40,1,2009,8.0,7,0,3,2,1,40,3
19,17,2007,3.0,5,0,3,1,1,70,3
5032,7,2007,12.0,7,0,3,2,1,60,1
1108,36,2005,17.0,6,0,4,1,1,30,2
720,95,2005,13.0,1,0,3,3,1,70,3
52,33,2009,23.0,6,8304,3,2,2,60,1
6,21,2013,15.0,2,0,1,2,1,70,3
5366,33,2012,6.0,1,0,4,2,1,30,3
278,46,2006,17.0,4,0,3,2,1,50,3
0,6,2012,15.0,1,0,5,2,1,30,2
167,12,2007,22.0,7,0,3,3,2,60,1
0,12,2007,8.0,4,0,6,1,1,30,3
0,44,2006,16.0,3,0,6,2,1,30,3
1400,1,2007,23.0,4,0,3,3,2,30,1
12,42,2011,18.0,2,0,3,1,1,70,3
224,1,2013,17.0,5,0,4,2,1,30,3
9411,33,2005,13.0,4,9410,5,2,1,30,3
253,46,2007,10.0,2,0,3,2,2,60,1
4114,33,2005,7.0,6,3603,4,1,2,50,2
40,43,2012,8.0,3,0,1,2,1,70,1
205,1,2007,8.0,5,20,3,2,2,30,3
74,31,2006,15.0,1,0,5,2,4,60,1
1042,36,2007,10.0,2,0,3,2,1,30,3
0,16,2012,11.0,1,0,6,2,1,30,3
761,97,2006,8.0,2,0,3,3,1,60,2
5013,21,2013,9.0,7,149,3,2,1,40,3
0,62,2014,5.0,5,0,6,1,1,30,1
143,37,2007,18.0,4,-1,3,1,1,30,3
336,44,2014,22.0,1,0,3,1,1,30,1
0,4,2009,3.0,7,0,6,1,1,30,2
732,14,2010,7.0,5,0,5,1,1,30,2
48,61,2007,19.0,3,4293,3,2,2,30,3
0,47,2013,17.0,5,0,6,2,1,20,3
20,46,2011,8.0,1,0,3,2,1,70,2
4,1,2011,1.0,7,0,1,1,1,70,2
259,47,2006,2.0,7,0,3,1,1,50,1
425,20,2011,12.0,2,0,4,4,1,30,3
872,96,2013,8.0,2,8051,3,2,1,30,3
132,21,2013,19.0,5,0,5,1,2,60,3
3134,52,2006,17.0,2,0,4,2,2,60,1
0,50,2014,21.0,3,0,6,1,1,30,2
67,11,2013,8.0,6,0,3,2,1,30,1
428,34,2012,12.0,4,0,3,1,1,40,2
0,55,2013,19.0,6,0,6,1,1,30,1
0,13,2009,9.0,6,0,6,2,2,60,2
40,43,2012,22.0,2,0,3,1,1,70,1
23,1,2012,18.0,3,0,3,2,1,30,2
1086,11,2012,8.0,2,0,3,1,1,30,1
0,47,2011,10.0,2,0,6,2,1,30,3
634,31,2014,9.0,1,0,3,3,2,30,3
153,32,2005,11.0,6,0,3,2,2,60,1
4114,20,2006,14.0,7,0,3,2,2,30,3
2098,47,2005,16.0,3,0,4,1,1,30,1
406,1,2009,22.0,4,0,3,2,2,40,2
0,92,2011,9.0,6,0,6,2,1,30,1
167,41,2014,19.0,5,-1,5,2,1,30,3
628,14,2009,18.0,2,0,3,1,1,30,2
36,44,2013,20.0,2,0,3,1,4,60,2
27,44,2014,19.0,1,0,1,1,1,70,1
0,1,2006,17.0,3,0,5,3,2,30,1
6045,31,2011,15.0,7,0,4,2,2,60,1
0,50,2005,22.0,3,0,6,1,2,60,1
127,10,2009,20.0,5,0,5,2,1,30,3
80,96,2006,15.0,4,0,1,1,1,70,1
6117,13,2012,2.0,7,0,4,1,3,30,2
121,42,2006,7.0,5,0,3,3,2,60,1
1046,17,2010,8.0,5,0,3,1,1,40,3
46,31,2010,12.0,7,6097,3,2,1,60,3
0,92,2005,20.0,3,0,6,1,4,60,1
0,5,2012,11.0,3,0,6,2,3,30,1
4495,43,2006,10.0,5,0,4,2,1,30,2
3010,44,2011,17.0,5,0,3,2,2,40,2
5,53,2005,14.0,4,0,1,2,3,70,1
110,1,2011,3.0,7,0,3,2,4,30,1
25,41,2010,11.0,6,25,1,2,2,70,2
50,7,2011,10.0,7,0,3,2,2,30,3
1003,32,2014,11.0,3,0,4,2,1,30,3
48,61,2012,12.0,7,0,3,2,3,30,3
1286,10,2012,9.0,6,517,4,2,2,30,3
47,35,2009,17.0,3,0,3,5,3,60,2
9,91,2006,7.0,2,0,3,2,2,70,1
4022,43,2007,17.0,7,327,4,2,2,60,1
4000,43,2012,17.0,5,0,4,1,1,60,2
100,1,2006,7.0,4,0,3,2,1,30,3
212,1,2012,12.0,7,212,3,1,1,30,3
400,1,2006,15.0,5,506,3,2,1,30,2
6008,31,2006,0.0,7,0,3,1,1,30,1
5010,21,2013,23.0,3,44,3,1,1,30,3
1055,1,2006,13.0,2,0,3,2,1,40,1
258,46,2007,18.0,3,0,3,2,3,50,1
0,13,2010,5.0,6,0,6,2,1,30,3
232,1,2011,8.0,4,0,3,1,1,30,3
0,44,2014,17.0,6,0,6,1,1,20,2
396,50,2013,6.0,6,0,3,1,1,60,1
5,50,2011,17.0,1,290,5,3,1,60,1
698,95,2006,14.0,2,0,3,2,2,60,1
601,37,2014,20.0,7,0,5,1,1,60,2
0,91,2012,2.0,7,0,6,1,1,60,2
726,97,2006,10.0,1,77,3,1,3,30,3
385,45,2009,14.0,5,0,4,2,1,30,1
34,21,2006,14.0,5,312,3,2,3,60,1
580,5,2007,8.0,5,0,3,2,1,60,2
59,5,2007,6.0,1,0,3,1,1,30,1
14,34,2013,21.0,6,0,3,1,3,70,1
223,1,2005,17.0,3,0,3,1,1,30,3
35,55,2011,9.0,5,0,3,2,1,30,2
621,13,2006,1.0,2,0,1,1,4,70,1
3200,1,2014,16.0,4,0,3,2,1,30,3
594,33,2006,11.0,7,594,3,1,3,30,1
141,35,2011,11.0,6,0,3,2,1,70,2
0,20,2013,22.0,4,0,6,1,2,60,1
5218,6,2006,7.0,5,0,4,1,1,30,1
627,6,2013,16.0,4,0,3,2,1,40,3
0,1,2006,21.0,7,10,6,2,2,50,3
0,1,2005,19.0,3,11,6,2,1,30,3
309,45,2006,7.0,7,0,3,2,1,50,1
28,46,2013,19.0,5,0,3,2,2,70,1
259,47,2009,22.0,2,0,3,2,1,30,2
38,53,2010,18.0,2,0,3,2,4,60,2
41,1,2014,23.0,6,0,3,1,1,40,3
136,40,2009,14.0,3,0,5,2,1,30,3
46,16,2007,18.0,1,0,3,3,4,70,1
120,43,2006,13.0,7,0,6,1,2,20,1
6008,31,2009,11.0,2,0,3,1,1,30,1
28,46,2005,15.0,7,0,3,2,2,50,1
47,36,2012,10.0,7,0,3,2,3,60,3
1302,10,2013,15.0,7,1302,6,1,1,30,2
217,1,2010,13.0,3,0,3,2,1,30,3
905,96,2005,12.0,1,0,3,2,1,60,1
408,1,2010,18.0,6,0,4,2,1,30,3
0,1,2009,16.0,3,207,5,1,1,30,1
50,21,2014,16.0,1,0,3,1,1,50,3
199,95,2007,17.0,6,0,3,1,1,30,2
6172,6,2007,0.0,5,0,3,3,2,30,3
369,45,2010,12.0,5,0,4,1,1,30,3
40,1,2007,12.0,5,4127,3,1,1,50,1
38,21,2012,14.0,7,0,3,1,1,70,3
31,44,2007,17.0,4,0,3,2,2,70,1
0,4,2006,20.0,2,0,6,2,1,30,1
96,91,2014,20.0,3,0,3,2,1,60,1
405,41,2009,15.0,6,0,3,1,1,50,1
1159,3,2005,6.0,7,0,6,1,2,60,1
5082,6,2012,17.0,2,0,3,2,1,30,3
0,60,2007,16.0,5,0,6,3,2,30,1
6238,4,2009,17.0,2,0,4,3,1,30,3
6033,13,2014,8.0,2,0,3,2,2,50,2
0,1,2014,9.0,5,3214,5,2,1,30,3
551,10,2010,10.0,7,235,5,1,1,30,2
0,95,2012,17.0,5,0,6,2,1,30,3
167,10,2006,13.0,6,126,3,1,1,30,2
93,93,2009,15.0,7,0,3,1,1,60,2
111,1,2011,0.0,6,0,3,2,1,60,1
313,10,2009,0.0,1,0,5,2,3,30,1
505,40,2010,13.0,6,505,3,2,1,30,2
3212,1,2014,12.0,7,0,3,1,1,30,2
22,47,2009,22.0,4,0,3,1,2,50,3
259,47,2009,11.0,6,0,3,1,1,40,3
619,30,2011,23.0,7,0,3,2,6,60,2
23,47,2009,13.0,6,0,3,2,3,60,1
1,10,2012,0.0,3,0,3,2,2,60,1
579,6,2014,9.0,6,0,3,2,1,30,2
680,6,2009,16.0,5,0,3,2,1,30,2
591,3,2010,10.0,3,0,3,1,2,40,2
46,53,2010,11.0,3,284,3,3,1,60,1
27,47,2014,16.0,1,0,3,1,1,70,2
414,41,2014,16.0,4,414,3,1,1,60,2
1068,10,2011,8.0,3,0,3,1,1,60,2
62,6,2005,11.0,4,0,3,2,1,30,3
0,62,2005,17.0,5,0,6,2,1,30,3
0,1,2005,9.0,3,0,6,1,1,30,3
579,6,2010,13.0,3,6202,3,2,2,30,3
40,43,2012,12.0,7,0,3,3,2,30,3
48,53,2007,16.0,7,4231,3,2,1,40,1
413,43,2014,22.0,1,0,3,1,1,70,1
6002,30,2009,19.0,1,0,4,2,2,40,1
9,91,2006,0.0,1,0,3,1,1,60,1
4240,62,2005,9.0,6,0,3,1,1,30,2
410,1,2011,16.0,3,0,3,1,1,30,2
436,53,2011,23.0,2,0,3,2,3,50,3
381,50,2012,10.0,2,0,3,2,1,40,3
592,3,2012,15.0,1,0,3,2,1,30,3
6055,12,2012,6.0,5,0,3,1,1,60,2
0,1,2010,9.0,2,0,5,3,1,30,3
315,1,2011,17.0,7,0,3,1,2,30,3
338,43,2006,0.0,1,0,3,1,1,60,1
0,13,2007,17.0,7,0,6,2,3,60,2
5004,30,2005,10.0,6,0,3,1,1,60,1
60,6,2012,17.0,2,0,1,2,1,70,2
0,30,2007,15.0,7,0,6,2,1,30,3
685,3,2010,15.0,6,0,3,2,3,60,2
612,31,2010,20.0,3,0,3,2,1,30,2
30,43,2005,0.0,1,324,6,2,2,60,2
198,95,2007,16.0,6,1345,3,3,2,60,2
641,13,2009,12.0,1,0,3,2,2,30,1
0,1,2012,18.0,6,0,6,1,1,30,1
78,97,2006,9.0,4,0,3,2,1,30,3
0,1,2010,8.0,6,0,6,2,1,30,3
57,14,2010,11.0,1,6102,3,2,1,30,3
4042,61,2013,17.0,3,0,3,3,1,40,3
5200,1,2012,12.0,6,0,3,2,1,30,2
5,1,2013,19.0,2,407,3,2,1,30,3
1296,10,2014,14.0,7,0,4,1,1,60,2
1201,1,2010,17.0,6,0,3,2,1,30,3
272,47,2012,11.0,6,0,3,2,1,40,1
3181,50,2007,15.0,4,0,4,3,4,50,1
0,93,2009,15.0,4,0,6,2,3,30,2
3109,54,2011,10.0,4,0,4,2,1,30,2
5009,21,2006,12.0,4,619,3,2,1,30,1
0,1,2012,12.0,5,0,6,1,1,30,1
580,5,2006,19.0,6,0,3,1,2,60,1
1078,10,2012,11.0,7,0,6,1,1,20,2
380,32,2014,17.0,1,0,6,1,1,30,2
6017,6,2006,20.0,5,0,3,2,2,40,2
1081,41,2013,10.0,3,63,3,2,2,60,1
205,1,2010,14.0,1,0,3,2,3,30,2
35,55,2014,8.0,2,0,3,2,4,60,1
0,22,2013,18.0,4,0,6,1,1,30,3
5366,33,2012,12.0,6,0,4,2,1,30,3
0,52,2013,13.0,3,-1,6,1,1,30,2
7502,33,2011,19.0,1,0,5,1,1,60,1
59,4,2005,6.0,3,0,3,2,1,50,3
0,1,2012,10.0,1,0,6,2,1,30,2
39,50,2007,7.0,4,0,3,4,1,60,1
6456,95,2005,16.0,3,0,4,1,1,60,1
1121,32,2009,20.0,6,0,3,3,1,60,1
0,1,2009,18.0,2,0,5,2,1,30,2
428,34,2007,15.0,3,0,3,1,1,60,2
0,1,2007,19.0,1,0,5,2,2,30,3
1074,36,2014,11.0,6,0,3,2,1,30,2
102,43,2012,6.0,1,0,5,1,1,30,1
6,6,2006,2.0,1,5063,3,1,1,40,2
0,4,2005,0.0,3,0,6,1,2,30,1
12,42,2010,8.0,5,0,3,2,1,70,2
638,13,2009,20.0,6,0,3,1,1,30,2
0,22,2012,17.0,6,0,6,2,1,40,3
0,50,2010,14.0,5,0,6,2,2,60,3
0,50,2006,0.0,7,0,6,1,1,30,3
6102,14,2006,17.0,4,0,3,1,1,30,1
231,46,2007,14.0,4,0,3,3,1,30,3
908,37,2009,10.0,3,0,5,3,1,30,1
631,31,2013,10.0,5,0,3,2,2,50,2
27,44,2012,11.0,5,3,3,2,1,30,2
0,20,2013,19.0,7,4099,6,1,1,30,1
0,44,2011,15.0,1,0,6,2,2,40,1
48,63,2014,8.0,5,0,3,2,1,70,3
583,4,2013,13.0,4,0,3,1,2,30,2
4026,21,2009,15.0,3,0,3,1,1,40,3
0,47,2006,7.0,1,0,6,2,3,30,2
101,43,2007,8.0,4,0,6,2,1,30,2
892,91,2012,21.0,7,0,4,1,2,60,1
0,4,2006,8.0,4,0,6,1,1,30,2
650,13,2012,15.0,2,0,3,1,1,30,2
31,44,2011,13.0,7,31,3,1,1,60,2
6006,31,2007,9.0,7,6464,4,2,2,30,2
0,1,2012,16.0,4,0,5,2,1,30,2
189,10,2007,22.0,1,0,3,1,2,70,1
0,5,2005,15.0,2,540,6,1,1,30,2
0,62,2007,6.0,1,0,6,1,2,30,2
0,95,2005,13.0,5,0,6,1,1,30,3
0,95,2013,13.0,7,0,6,1,1,30,3
432,52,2006,0.0,5,0,3,2,1,30,2
233,1,2009,1.0,3,0,3,1,1,30,1
4060,52,2009,18.0,4,0,4,2,1,30,3
3129,52,2010,13.0,7,0,4,2,1,30,3
9157,94,2006,18.0,6,0,4,2,2,60,2
0,40,2010,15.0,2,0,6,2,2,30,3
2150,44,2014,19.0,2,0,4,2,1,30,3
0,5,2012,18.0,2,0,6,2,1,30,3
247,46,2009,15.0,6,0,5,1,1,30,2
624,37,2014,13.0,7,0,5,1,1,30,3
1010,1,2009,17.0,4,0,3,1,1,30,2
3051,44,2011,8.0,6,0,4,2,3,40,1
274,46,2014,16.0,6,0,3,2,2,50,2
3,1,2014,12.0,4,0,3,2,1,30,3
320,45,2011,7.0,5,0,3,3,1,40,2
2217,1,2005,8.0,6,0,3,1,1,30,2
50,21,2005,13.0,7,50,3,4,1,60,3
228,46,2005,9.0,5,0,3,2,2,40,2
666,6,2007,20.0,1,0,3,3,5,30,1
600,40,2012,12.0,2,421,3,1,1,40,2
0,5,2007,1.0,4,0,6,1,2,30,1
0,44,2014,16.0,3,0,6,1,1,30,3
666,6,2009,0.0,2,0,3,1,4,30,1
932,93,2013,15.0,2,0,3,1,1,30,2
706,97,2009,7.0,5,-1,3,1,1,60,1
1,41,2007,2.0,7,0,2,1,2,70,1
0,1,2006,8.0,5,10,6,2,1,30,3
0,32,2013,10.0,7,0,6,2,1,30,2
0,6,2007,19.0,2,0,5,2,1,60,1
6067,14,2014,22.0,7,0,4,2,3,60,3
429,53,2013,7.0,1,0,3,2,2,60,3
30,50,2014,8.0,6,0,3,1,1,70,1
548,60,2005,16.0,2,0,3,2,1,40,3
3,1,2012,17.0,6,0,3,2,1,30,3
0,62,2006,22.0,6,4265,6,2,2,30,3
92,94,2010,19.0,6,0,3,1,2,60,1
5493,23,2013,5.0,4,0,4,2,2,60,1
5207,5,2007,18.0,6,0,3,2,1,30,3
6179,30,2005,17.0,6,70,4,2,1,30,2
318,30,2005,19.0,6,6,5,2,1,30,3
39,52,2007,5.0,1,0,3,3,6,40,2
2041,1,2011,13.0,3,206,3,2,1,30,2
508,34,2006,13.0,4,26,3,4,2,60,3
6,30,2007,16.0,4,6020,3,2,2,50,2
5252,4,2007,17.0,6,5252,4,1,1,40,1
9404,33,2013,9.0,3,0,5,2,1,30,2
37,31,2013,16.0,7,0,5,3,3,60,3
2000,1,2012,1.0,6,0,3,1,1,30,1
47,35,2014,21.0,6,0,3,1,3,60,1
533,7,2005,7.0,3,0,3,2,1,60,1
0,31,2007,15.0,3,0,6,2,1,30,2
239,12,2013,16.0,6,621,6,2,1,30,2
442,22,2010,7.0,2,0,3,3,4,60,1
441,22,2007,9.0,4,0,3,2,1,40,3
1057,42,2009,18.0,2,0,4,1,1,60,1
0,1,2005,10.0,1,0,5,2,1,30,3
14,34,2006,8.0,3,0,3,2,1,70,1
83,97,2010,16.0,7,0,3,2,2,60,1
0,97,2013,15.0,6,0,6,1,1,30,3
503,1,2005,1.0,1,107,3,2,1,30,3
0,61,2012,9.0,6,0,6,1,1,30,3
58,6,2014,23.0,4,0,3,2,1,30,2
0,55,2006,13.0,5,0,6,1,2,30,1
361,54,2013,20.0,2,0,3,1,1,30,1
0,13,2009,18.0,3,0,6,2,5,40,3
46,53,2012,15.0,3,0,3,2,1,30,1
0,13,2005,8.0,4,0,6,1,1,30,2
0,5,2006,16.0,3,0,6,2,1,30,3
3049,55,2006,1.0,3,0,3,1,1,30,3
112,1,2006,20.0,2,112,3,2,1,30,3
601,30,2013,13.0,5,52,3,2,1,40,2
4506,43,2005,19.0,6,0,4,1,1,60,2
25,45,2014,6.0,6,0,1,2,1,70,3
22,47,2012,15.0,7,0,3,2,4,60,2
38,52,2009,22.0,3,0,3,1,1,30,2
0,92,2011,9.0,7,0,6,2,1,30,2
647,13,2007,16.0,5,0,3,1,1,30,2
617,31,2012,10.0,6,21,3,3,3,50,3
240,45,2005,10.0,3,2022,3,2,3,40,1
10,1,2011,17.0,6,0,3,1,1,30,3
365,54,2014,1.0,6,0,5,1,1,30,3
0,5,2005,16.0,7,565,6,1,1,30,3
4020,1,2012,16.0,2,0,3,2,1,30,2
0,61,2013,3.0,1,0,6,1,1,30,2
4226,53,2012,9.0,3,0,4,1,2,60,1
0,1,2012,15.0,6,0,5,1,1,30,2
0,1,2005,14.0,6,0,6,1,1,30,3
0,6,2014,10.0,5,0,5,2,1,30,1
454,22,2010,15.0,2,0,3,2,2,30,3
3681,45,2012,17.0,2,0,6,1,1,30,3
142,35,2006,19.0,3,0,3,3,3,60,1
763,97,2005,10.0,3,749,4,2,1,30,3
0,47,2007,8.0,1,0,5,1,1,60,1
1033,16,2009,7.0,2,0,3,2,4,30,3
6,20,2011,23.0,2,0,1,3,3,70,1
39,52,2005,23.0,7,0,3,1,1,60,1
442,22,2005,16.0,6,0,3,2,3,70,1
0,5,2011,12.0,4,0,6,2,1,30,2
66,3,2012,14.0,3,0,3,3,2,70,2
8004,53,2009,16.0,2,38,5,2,1,30,3
862,91,2009,23.0,6,0,3,1,4,60,1
0,47,2012,9.0,2,0,6,3,2,30,2
1249,12,2007,12.0,1,0,4,1,4,60,1
184,42,2012,15.0,7,0,4,1,1,30,3
65,13,2011,16.0,4,0,3,1,1,30,1
57,6,2006,4.0,1,0,3,1,1,30,1
7524,34,2009,12.0,2,7761,6,2,2,30,3
2052,46,2012,3.0,7,0,4,1,5,30,1
0,1,2010,9.0,3,0,6,2,1,30,3
45,34,2009,20.0,3,0,3,1,1,70,1
3081,55,2012,20.0,6,0,4,2,1,30,3
2155,44,2014,15.0,2,0,5,1,1,30,2
0,23,2014,16.0,2,0,6,1,1,60,2
355,7,2014,16.0,7,0,5,2,1,60,1
0,95,2005,1.0,7,0,6,3,1,30,2
180,16,2006,7.0,3,0,3,2,1,30,2
4077,53,2012,16.0,3,0,4,2,2,60,1
20,1,2011,18.0,4,0,3,3,2,30,2
811,96,2005,22.0,3,0,3,1,3,60,1
9002,43,2010,5.0,5,8007,5,2,2,60,1
60,31,2009,9.0,4,634,3,2,1,40,2
698,95,2010,16.0,2,0,3,2,1,60,2
4,1,2011,8.0,4,0,3,1,2,30,3
255,46,2006,19.0,1,0,3,2,2,30,1
183,31,2006,20.0,3,0,5,1,1,30,1
4304,33,2005,21.0,7,0,5,1,1,60,1
5412,4,2010,7.0,2,585,4,2,1,30,3
406,1,2012,0.0,7,0,3,1,1,50,1
518,21,2010,3.0,6,0,3,1,4,60,1
29,47,2014,16.0,1,0,3,3,4,50,1
457,20,2010,4.0,6,0,3,1,5,30,1
2215,45,2007,17.0,5,0,4,3,2,60,1
28,46,2007,15.0,4,262,3,2,1,60,2
489,63,2006,15.0,5,0,3,2,1,60,2
118,1,2012,16.0,1,0,4,1,1,30,2
11,35,2011,22.0,3,0,1,2,1,70,3
70,95,2012,14.0,6,0,3,2,1,30,2
44,43,2013,18.0,7,0,3,2,1,50,3
28,46,2014,15.0,4,0,3,2,3,50,1
658,12,2010,17.0,5,6163,3,3,2,60,1
1062,36,2006,8.0,3,-1,3,3,1,40,3
6135,14,2009,12.0,4,109,3,2,1,50,3
0,1,2009,7.0,3,0,6,2,1,30,3
578,6,2007,6.0,3,0,3,2,1,30,3
155,54,2010,0.0,5,0,5,1,1,60,3
17,32,2012,16.0,1,0,3,2,3,60,1
0,4,2011,9.0,6,0,6,2,1,60,1
6279,11,2013,14.0,1,182,4,2,2,40,3
682,31,2005,17.0,5,0,4,3,1,30,3
0,47,2010,13.0,3,0,6,2,1,30,3
603,21,2012,9.0,5,19,5,2,1,30,3
6,30,2009,16.0,1,6,3,1,1,40,2
0,31,2011,10.0,7,0,6,1,1,30,1
0,1,2014,8.0,3,0,5,1,1,30,2
2,23,2005,18.0,7,5493,6,2,2,60,1
3612,46,2011,14.0,4,0,6,1,1,30,2
630,14,2006,22.0,6,0,3,2,4,30,2
452,1,2009,16.0,3,0,4,2,1,30,3
288,44,2010,13.0,7,0,3,2,1,30,1
1074,36,2006,14.0,7,-1,3,2,2,30,1
0,14,2009,21.0,6,0,6,3,1,20,3
59,4,2011,7.0,1,0,3,1,1,30,3
509,34,2010,11.0,5,0,3,2,1,60,1
0,1,2010,10.0,6,0,6,2,1,30,1
0,1,2010,23.0,6,0,6,1,1,30,2
412,43,2009,18.0,4,0,3,1,2,60,1
7,95,2007,16.0,2,0,3,2,4,60,1
3073,55,2005,20.0,4,0,4,2,1,40,2
0,32,2012,16.0,2,0,6,2,1,30,1
686,31,2013,14.0,7,60,4,1,1,30,2
66,3,2014,18.0,1,0,3,3,1,70,1
625,14,2006,20.0,6,0,3,2,2,30,2
618,14,2006,20.0,6,0,3,1,1,60,3
0,6,2006,0.0,1,0,5,2,2,30,3
259,47,2014,8.0,3,0,3,2,1,30,3
356,52,2012,16.0,4,0,3,2,1,30,2
400,1,2009,23.0,3,0,3,1,1,30,1
0,13,2013,11.0,3,0,6,2,1,30,3
0,13,2005,18.0,5,0,6,2,1,30,1
0,11,2014,17.0,5,0,6,2,3,60,3
0,13,2005,15.0,6,0,6,2,1,30,2
1,32,2011,8.0,6,0,3,1,1,70,1
167,11,2009,11.0,3,0,3,2,1,30,3
0,47,2009,8.0,4,0,6,2,1,30,1
1,14,2005,21.0,6,0,1,5,8,70,1
0,36,2012,18.0,4,0,6,1,1,30,2
347,55,2012,17.0,2,347,3,1,1,30,2
1145,36,2011,17.0,5,0,4,2,1,50,1
631,14,2010,10.0,1,18,3,2,1,40,3
3090,52,2011,18.0,6,0,4,2,2,60,2
23,1,2013,21.0,1,0,3,2,1,30,2
1074,37,2011,8.0,2,0,4,2,2,30,3
487,63,2007,17.0,5,0,3,1,1,40,1
1043,35,2012,17.0,2,0,4,2,1,30,2
425,20,2006,22.0,5,0,4,2,1,30,1
1077,16,2014,9.0,2,1430,3,2,2,60,3
40,63,2010,12.0,2,0,3,1,1,70,3
659,12,2006,15.0,3,0,3,2,1,60,2
0,4,2010,6.0,3,0,6,2,1,60,3
3006,44,2009,17.0,3,0,4,1,1,60,3
689,17,2011,7.0,3,19,3,2,1,50,3
0,6,2007,15.0,6,0,5,1,1,40,2
623,30,2007,19.0,5,0,3,2,2,60,2
393,43,2014,9.0,5,0,6,1,1,60,2
0,13,2014,19.0,1,0,6,1,1,30,2
84,96,2010,14.0,7,0,3,5,4,60,1
1318,10,2013,9.0,2,0,4,1,1,30,3
2,46,2014,20.0,7,0,3,2,1,30,3
38,52,2007,10.0,5,3140,3,2,1,60,1
410,1,2010,6.0,3,0,3,2,1,30,1
112,31,2012,14.0,2,0,5,2,1,30,2
286,35,2013,19.0,6,0,5,1,2,30,1
0,14,2007,15.0,3,0,6,1,1,30,3
237,1,2007,17.0,3,0,3,2,1,30,3
0,20,2011,13.0,1,0,6,1,1,30,1
65,13,2011,16.0,5,0,3,2,1,30,2
483,62,2012,1.0,7,0,3,1,1,30,1
4102,23,2011,9.0,4,444,4,2,1,30,2
0,42,2013,22.0,1,0,6,1,1,30,2
0,61,2013,20.0,1,0,6,6,1,30,2
0,3,2011,19.0,6,0,6,2,1,60,3
0,96,2007,19.0,7,0,6,2,1,30,3
0,60,2010,9.0,7,0,6,1,1,30,2
27,47,2010,14.0,6,275,3,2,1,30,2
1049,35,2005,16.0,2,0,4,2,1,60,1
0,44,2006,7.0,4,0,6,2,1,30,3
0,6,2005,22.0,7,0,5,1,2,30,1
950,92,2011,1.0,6,0,3,2,1,30,2
786,97,2006,16.0,6,0,4,2,3,60,1
565,5,2005,15.0,5,0,3,1,1,30,1
0,1,2014,12.0,1,0,6,2,1,30,3
505,41,2009,15.0,2,197,3,1,1,50,1
12,55,2006,15.0,2,0,5,1,2,60,1
286,47,2005,18.0,2,0,3,1,1,40,3
0,47,2007,16.0,2,0,6,2,1,30,2
4040,20,2013,15.0,2,0,3,2,3,30,1
229,46,2014,3.0,4,0,3,2,1,70,1
530,7,2006,19.0,3,530,3,2,1,40,2
619,30,2007,16.0,5,0,3,3,1,30,2
91,96,2006,6.0,4,0,3,3,2,60,1
480,43,2006,18.0,3,0,4,2,2,60,1
0,30,2014,9.0,7,0,6,2,1,30,3
0,13,2007,5.0,3,0,6,1,1,30,1
4000,1,2010,0.0,5,0,3,2,2,30,3
1307,35,2014,18.0,6,0,3,2,1,30,2
0,96,2007,17.0,7,-1,6,1,1,30,3
0,30,2007,1.0,7,0,6,1,1,30,2
0,20,2010,13.0,6,0,6,2,1,30,3
319,32,2012,7.0,6,0,5,2,2,60,1
0,45,2009,17.0,4,0,6,2,1,30,2
0,6,2013,11.0,3,0,5,4,1,30,1
199,95,2005,13.0,6,0,3,2,1,40,1
0,97,2014,2.0,1,0,6,1,1,30,1
0,7,2006,9.0,5,0,6,1,2,30,2
5127,60,2013,21.0,2,0,4,2,1,30,3
43,34,2007,13.0,4,43,3,2,1,50,3
479,41,2012,19.0,7,1037,6,1,1,40,3
7019,97,2012,20.0,7,0,4,1,1,50,2
5117,6,2012,22.0,1,0,4,1,2,30,2
406,1,2014,15.0,6,0,3,2,3,50,2
1,14,2007,15.0,4,0,2,3,1,70,2
23,1,2006,18.0,3,0,3,1,1,30,2
1,1,2006,9.0,5,0,3,2,1,40,2
269,47,2006,13.0,6,0,3,1,1,30,1
41,1,2012,13.0,7,504,3,2,1,40,3
1156,37,2012,17.0,4,0,3,2,1,30,3
6179,30,2011,5.0,3,0,4,1,1,30,1
8,97,2006,10.0,2,0,3,1,1,30,1
6,21,2013,17.0,7,0,1,2,1,70,3
6417,30,2007,19.0,5,0,4,2,1,30,2
4455,23,2006,15.0,6,43,4,2,3,60,2
0,20,2009,12.0,7,0,6,2,1,30,1
644,13,2006,21.0,5,0,3,2,5,50,1
414,7,2006,13.0,7,0,5,2,3,60,2
0,97,2007,17.0,1,0,6,1,3,30,3
225,46,2013,12.0,3,0,3,2,1,30,3
114,1,2006,16.0,1,0,3,2,1,30,1
4109,20,2007,14.0,5,0,4,2,1,30,1
4,30,2009,13.0,7,0,5,3,1,30,3
578,6,2009,6.0,1,0,3,2,1,30,3
21,1,2014,18.0,7,0,3,1,1,30,1
31,55,2006,17.0,2,0,3,2,2,60,2
217,1,2010,15.0,5,0,3,1,1,30,3
530,7,2009,13.0,4,0,3,2,1,30,2
5063,6,2006,10.0,5,0,3,2,1,40,3
421,34,2013,10.0,4,0,3,5,3,60,3
556,41,2010,7.0,3,266,4,2,1,30,3
45,34,2012,23.0,6,0,3,1,2,40,1
0,47,2014,16.0,5,0,6,1,1,20,2
57,7,2005,3.0,3,574,3,1,1,30,1
255,46,2014,13.0,7,0,3,1,1,30,3
4259,54,2010,11.0,7,313,3,2,1,30,3
6516,10,2007,12.0,3,6516,6,2,1,30,3
39,52,2009,16.0,4,0,3,1,1,30,2
33,44,2009,16.0,6,0,3,2,2,50,2
691,41,2010,9.0,2,140,4,2,1,30,2
17,36,2007,10.0,3,12,3,2,1,60,1
38,20,2014,11.0,7,0,3,2,1,30,3
0,16,2007,8.0,5,0,6,2,2,60,1
0,22,2010,15.0,3,0,6,1,1,30,2
26,47,2005,1.0,1,0,3,1,1,60,3
327,43,2007,15.0,3,0,3,1,1,30,3
0,1,2014,16.0,4,0,5,2,2,30,3
0,5,2012,14.0,6,0,6,2,2,30,2
0,7,2013,16.0,4,5152,6,1,1,30,3
140,36,2005,12.0,7,189,3,2,2,60,1
15,35,2007,9.0,7,0,3,1,2,70,1
38,21,2014,20.0,1,38,3,1,1,70,1
0,44,2013,18.0,3,0,6,2,1,30,2
4540,20,2011,14.0,3,0,3,3,1,30,3
38,31,2012,14.0,2,0,3,2,1,40,3
412,43,2009,18.0,6,0,3,1,2,60,2
6,7,2009,7.0,4,0,1,4,1,70,3
0,20,2006,9.0,4,0,6,3,1,30,3
0,95,2007,10.0,6,0,6,2,1,30,3
146,34,2014,14.0,1,0,5,1,1,60,2
44,41,2005,13.0,3,45,5,1,1,30,3
40,43,2014,7.0,6,0,3,2,1,60,2
1108,36,2009,11.0,1,0,4,3,3,60,1
1112,37,2005,16.0,7,2816,4,2,2,40,2
3,44,2006,10.0,3,0,3,5,1,70,1
6102,14,2010,12.0,3,6200,3,2,1,30,3
83,97,2005,13.0,5,0,3,2,1,30,3
1079,16,2013,20.0,1,0,3,2,1,30,3
19,12,2012,20.0,2,0,3,1,2,70,1
38,22,2007,17.0,5,0,3,2,1,70,1
9,91,2010,9.0,2,0,3,1,1,70,1
6178,14,2013,5.0,3,0,3,2,1,30,2
5013,21,2005,14.0,2,0,4,2,1,60,1
0,44,2012,5.0,5,0,6,1,1,30,2
0,1,2007,3.0,4,0,6,1,3,30,3
5056,30,2005,6.0,3,0,4,2,4,60,2
350,54,2013,6.0,3,0,3,3,2,60,1
6102,14,2005,16.0,7,0,3,1,1,40,2
5058,5,2007,19.0,4,5038,3,1,2,30,2
0,1,2011,17.0,4,0,6,1,1,30,3
468,61,2009,21.0,3,0,3,2,2,60,1
374,50,2011,2.0,5,0,3,1,2,40,2
0,62,2011,18.0,5,0,6,2,1,30,3
1065,36,2005,6.0,1,0,3,1,3,60,1
0,62,2007,23.0,3,0,6,1,1,30,2
5315,21,2005,13.0,5,520,4,1,1,30,3
6,40,2006,15.0,7,0,3,1,1,70,3
400,1,2013,19.0,7,0,3,1,1,30,3
236,93,2012,11.0,4,0,5,1,1,30,1
0,13,2011,16.0,7,0,6,2,1,30,1
0,13,2006,13.0,4,0,6,2,1,30,3
2220,47,2005,9.0,2,0,3,1,1,40,1
690,11,2007,22.0,6,0,3,3,1,30,1
361,1,2010,8.0,5,0,4,2,1,30,2
290,46,2014,17.0,5,0,3,4,2,30,2
0,13,2005,17.0,5,0,6,2,1,30,3
801,95,2012,11.0,7,8047,3,2,1,60,3
21,1,2012,7.0,4,0,3,1,1,30,1
1352,42,2005,9.0,5,0,4,2,1,40,1
105,1,2006,8.0,4,105,3,1,1,30,2
303,54,2011,19.0,3,0,3,3,3,60,1
0,13,2007,16.0,5,0,6,1,1,30,3
5203,1,2012,13.0,4,5203,3,1,1,30,2
0,54,2005,14.0,2,0,6,2,3,30,1
1085,17,2011,21.0,4,0,3,2,1,30,3
36,54,2006,9.0,7,0,3,2,1,20,2
52,32,2007,17.0,3,0,3,2,2,60,2
723,98,2005,14.0,6,0,4,2,3,60,1
226,46,2005,15.0,7,0,3,2,1,40,1
33,44,2006,7.0,4,0,3,4,2,60,1
866,91,2006,3.0,7,0,3,1,1,40,1
11,1,2010,2.0,1,0,3,1,1,30,1
5493,21,2005,17.0,6,0,4,3,1,30,2
12,23,2013,1.0,7,0,5,1,1,30,2
61,14,2006,16.0,6,0,3,2,1,30,3
216,10,2014,22.0,6,0,5,2,1,30,2
6106,14,2006,12.0,6,0,4,2,1,60,1
584,4,2005,15.0,1,0,3,1,1,30,2
308,1,2011,17.0,1,0,3,1,1,30,3
6124,13,2009,8.0,7,0,4,2,1,30,1
521,21,2006,12.0,7,0,3,3,5,60,1
45,23,2005,8.0,2,0,3,2,2,60,1
27,44,2005,14.0,1,0,3,2,1,70,1
0,97,2013,22.0,6,0,6,1,1,30,3
40,1,2009,16.0,4,0,3,1,1,50,1
75,98,2009,0.0,6,0,3,1,1,60,1
80,97,2005,21.0,5,0,3,3,3,70,1
388,46,2007,12.0,6,0,5,1,1,30,1
1248,12,2013,6.0,4,0,4,3,6,60,1
5324,33,2012,3.0,1,0,4,1,2,40,2
0,20,2006,19.0,3,0,6,1,1,30,3
0,97,2009,14.0,1,0,6,2,1,30,1
6397,95,2009,8.0,2,0,4,1,1,60,3
234,1,2014,17.0,3,0,4,2,1,30,3
0,47,2009,5.0,4,0,6,2,1,30,3
60,6,2006,10.0,7,0,1,2,2,70,3
0,44,2012,11.0,6,0,6,2,1,30,2
5302,3,2005,10.0,1,0,4,3,3,60,1
565,5,2012,17.0,2,0,3,1,1,30,2
11,1,2014,14.0,6,142,3,1,1,30,2
149,36,2007,11.0,3,0,3,4,1,60,3
64,12,2012,5.0,6,0,3,1,2,70,2
6120,13,2010,17.0,6,0,3,3,1,60,3
45,34,2006,22.0,4,0,3,2,2,70,1
590,3,2007,15.0,7,0,3,2,1,60,3
0,20,2013,16.0,6,0,6,2,1,30,3
3,1,2006,11.0,7,0,3,1,1,30,2
483,63,2007,15.0,6,0,3,1,2,60,1
0,1,2011,13.0,1,0,6,1,1,30,3
547,60,2010,16.0,2,0,3,2,2,60,1
0,13,2010,17.0,2,64,6,2,1,30,3
0,7,2012,19.0,3,0,6,2,1,30,2
4054,62,2006,9.0,7,0,3,2,1,30,3
312,1,2014,3.0,6,0,3,1,1,30,1
0,32,2012,16.0,6,0,6,2,1,40,3
3293,50,2014,16.0,6,0,4,2,3,40,1
0,6,2005,15.0,7,0,6,1,1,30,2
149,36,2005,12.0,2,0,3,2,1,60,1
606,33,2005,19.0,5,0,3,2,2,60,1
0,13,2009,23.0,5,0,6,2,1,30,2
626,6,2007,19.0,1,0,3,2,2,30,2
18,54,2007,21.0,4,0,5,1,1,60,3
0,1,2005,16.0,6,0,6,1,1,30,1
1101,35,2007,19.0,6,0,3,1,4,60,1
404,1,2005,19.0,5,0,3,1,1,30,1
0,16,2014,18.0,2,0,6,2,1,30,3
219,1,2007,9.0,3,0,3,1,1,30,1
0,47,2006,14.0,4,0,6,2,1,30,3
4114,20,2010,22.0,4,0,4,2,1,30,3
110,1,2006,12.0,3,0,3,1,1,40,1
324,45,2006,5.0,7,3606,3,2,1,30,2
0,4,2010,16.0,4,0,6,1,1,30,3
4202,1,2013,17.0,7,0,3,1,1,30,2
956,92,2014,9.0,2,0,3,1,1,30,1
0,1,2012,13.0,3,0,6,1,1,30,2
0,97,2012,8.0,4,0,6,1,1,30,2
1170,41,2009,10.0,5,1170,3,2,2,70,2
0,46,2009,13.0,3,2,6,1,1,30,2
1065,37,2007,15.0,4,0,3,2,2,60,1
281,47,2007,17.0,4,0,3,1,1,40,1
4031,20,2009,5.0,6,0,3,2,1,30,1
34,43,2007,19.0,3,0,3,3,1,70,1
2011,47,2009,6.0,2,0,3,1,2,70,1
177,1,2011,14.0,4,0,4,2,1,30,3
10,41,2006,9.0,1,54,3,1,1,40,1
414,42,2014,19.0,5,0,3,2,3,60,1
308,45,2014,13.0,7,0,3,2,1,40,2
41,41,2005,11.0,1,0,3,1,1,70,3
406,1,2007,7.0,3,0,3,2,1,30,3
1018,42,2006,2.0,5,0,4,1,1,60,1
318,43,2014,16.0,7,0,6,1,1,60,3
40,43,2014,11.0,6,0,1,2,1,70,1
1501,37,2010,17.0,3,969,6,1,1,30,2
4,43,2007,19.0,1,0,1,8,8,70,2
49,7,2006,15.0,6,534,3,2,4,60,2
4450,53,2007,10.0,1,138,4,1,1,60,2
50,7,2013,14.0,7,0,3,2,1,30,3
6170,6,2012,18.0,5,0,4,2,1,30,1
5,34,2005,20.0,4,0,3,3,2,60,2
5038,5,2013,9.0,4,5036,3,2,1,30,3
65,13,2005,20.0,3,6152,3,2,3,30,3
406,1,2009,15.0,4,0,3,1,1,40,2
4282,62,2014,16.0,6,0,4,3,5,60,3
302,1,2006,13.0,4,0,4,2,1,30,2
0,1,2011,7.0,3,0,5,1,1,30,1
894,91,2006,15.0,1,0,3,1,1,60,3
231,46,2011,18.0,6,0,3,2,5,30,2
51,35,2007,17.0,2,0,5,2,1,30,2
217,1,2009,0.0,6,0,3,2,1,30,2
10,1,2007,21.0,4,0,3,1,1,30,2
567,41,2005,14.0,3,736,6,2,1,30,3
259,47,2010,19.0,4,0,3,4,3,40,3
680,4,2007,20.0,1,0,3,1,1,30,2
6,3,2007,17.0,3,0,1,1,7,70,1
631,32,2005,12.0,6,1103,3,1,1,60,1
148,36,2010,5.0,2,1454,3,2,4,60,1
69,3,2014,15.0,5,0,3,3,1,30,3
10,36,2010,7.0,2,0,3,2,3,60,1
470,63,2005,12.0,4,0,3,2,2,60,3
54,7,2005,18.0,4,0,3,3,2,30,1
0,20,2006,14.0,5,0,6,1,2,30,1
28,46,2006,19.0,1,0,3,1,2,60,1
35,55,2013,8.0,6,0,3,2,1,30,2
4064,62,2012,11.0,2,4093,3,1,2,30,1
303,52,2007,22.0,5,0,3,7,2,70,1
1077,37,2005,21.0,1,366,4,2,3,30,2
42,33,2011,23.0,6,0,3,3,2,70,1
1017,37,2013,13.0,1,0,3,2,1,60,1
3011,46,2009,14.0,6,0,6,1,1,20,3
961,91,2014,16.0,4,0,3,3,1,60,1
3,44,2012,16.0,2,3,3,2,3,70,1
6131,14,2012,10.0,6,0,4,2,1,30,1
420,52,2006,18.0,7,0,3,1,2,30,1
11,1,2010,19.0,3,1202,3,2,1,30,2
701,95,2005,8.0,6,0,3,1,1,60,2
1152,37,2014,11.0,7,0,3,1,1,40,2
24,31,2005,19.0,5,0,5,2,1,30,2
0,1,2006,1.0,1,0,6,2,1,30,3
124,1,2012,0.0,7,117,3,1,1,30,1
0,63,2007,10.0,3,0,6,2,1,60,1
329,12,2007,7.0,3,0,5,2,1,30,1
533,7,2014,17.0,5,5509,3,2,1,30,3
2030,44,2007,20.0,5,0,3,2,1,70,1
289,46,2013,6.0,5,0,3,2,1,50,3
4088,1,2013,22.0,7,0,3,1,1,30,1
6007,30,2014,15.0,3,0,3,2,1,30,2
14,35,2013,11.0,5,14,3,3,1,70,2
4130,43,2010,19.0,3,0,3,2,1,60,1
0,5,2006,10.0,2,0,6,2,1,30,3
70,97,2007,1.0,1,0,3,1,1,60,1
75,41,2010,19.0,7,0,5,2,1,30,2
0,60,2013,2.0,7,0,6,1,5,60,1
568,33,2012,13.0,3,0,4,2,1,30,3
4,52,2009,17.0,3,0,3,2,2,50,1
56,7,2013,17.0,5,0,1,4,2,70,2
5212,7,2010,19.0,3,0,4,1,1,60,2
815,97,2009,17.0,3,0,3,1,1,60,2
29,30,2007,19.0,3,0,5,2,1,60,3
804,97,2011,0.0,1,0,4,1,1,60,1
4,1,2007,13.0,2,4,3,1,1,30,1
62,13,2014,2.0,7,0,1,1,1,70,1
570,4,2006,23.0,7,5242,3,1,1,40,1
676,33,2013,10.0,7,0,4,2,1,60,1
64,12,2007,19.0,2,0,3,6,1,70,1
192,47,2006,15.0,3,0,5,1,1,60,1
0,42,2006,16.0,3,0,6,2,3,60,3
0,5,2012,11.0,2,0,6,1,1,30,3
4489,62,2005,18.0,1,0,4,1,1,30,1
4136,53,2005,22.0,4,0,3,3,4,60,1
2210,1,2012,6.0,3,2210,4,2,1,30,2
6341,10,2005,15.0,1,0,4,1,1,60,2
467,61,2007,0.0,2,362,3,2,2,60,1
84,96,2006,19.0,7,0,3,2,1,60,1
0,20,2005,10.0,4,0,6,2,1,30,3
5305,3,2007,10.0,3,0,4,2,1,60,1
598,1,2011,6.0,2,406,3,2,4,40,3
0,31,2014,10.0,6,0,6,2,1,30,2
13,42,2006,13.0,3,1012,3,1,1,70,1
2177,44,2007,14.0,6,0,4,2,3,60,1
83,97,2014,23.0,5,0,3,2,2,60,1
410,1,2011,18.0,7,0,4,2,1,30,2
470,63,2010,12.0,2,0,3,3,1,60,2
0,1,2007,17.0,7,0,5,3,2,30,2
372,52,2014,9.0,4,0,3,3,2,60,1
505,40,2005,9.0,5,0,3,2,1,40,3
0,61,2010,18.0,1,0,6,1,1,30,2
4179,20,2010,16.0,3,0,4,2,1,30,3
565,5,2012,17.0,5,0,3,2,4,70,1
355,43,2007,21.0,3,0,3,1,2,30,1
668,37,2011,12.0,4,0,5,1,1,60,1
0,62,2006,6.0,4,0,6,2,1,20,3
661,12,2011,17.0,1,289,6,1,2,60,3
165,12,2011,15.0,6,401,3,2,1,60,2
5067,22,2005,21.0,2,0,4,2,2,60,3
177,1,2013,16.0,1,12,4,2,1,30,3
5085,4,2007,12.0,2,0,3,2,2,30,3
679,4,2006,15.0,2,0,3,2,3,50,2
694,12,2012,15.0,1,700,6,1,1,30,2
5297,3,2013,17.0,3,0,4,1,1,30,1
19,11,2014,0.0,6,0,3,1,1,70,1
0,4,2005,8.0,6,0,6,2,1,40,3
92,12,2011,23.0,5,0,5,1,1,60,1
46,53,2009,20.0,3,0,3,3,1,30,3
633,14,2013,8.0,5,0,3,1,1,40,1
5178,5,2011,15.0,6,5173,4,2,1,30,3
5207,5,2012,10.0,2,0,4,2,1,30,2
31,44,2011,7.0,1,0,3,1,1,70,1
3036,1,2009,17.0,7,0,3,2,1,30,3
0,12,2006,21.0,2,0,6,2,1,30,3
1079,37,2006,3.0,7,0,4,1,3,60,1
1,41,2014,12.0,7,0,2,1,1,70,1
2,46,2010,9.0,1,0,1,1,1,70,3
118,1,2006,7.0,4,177,3,2,1,30,3
320,45,2007,13.0,1,3046,3,2,3,40,1
142,17,2006,23.0,6,0,5,1,4,30,2
429,54,2011,10.0,5,0,3,3,1,60,2
0,52,2011,9.0,6,0,6,2,1,60,3
323,10,2013,9.0,2,319,5,1,1,30,1
10,1,2009,2.0,1,0,3,1,1,30,3
0,1,2011,23.0,5,0,5,2,2,30,2
4,52,2011,8.0,5,0,1,6,3,70,2
5032,21,2006,18.0,5,-1,4,2,1,30,1
277,41,2005,12.0,7,410,6,2,1,30,3
736,97,2006,21.0,6,0,3,1,2,30,2
45,20,2010,13.0,4,0,3,2,2,60,3
6,7,2013,17.0,3,0,3,1,1,30,2
74,97,2009,7.0,1,0,1,1,1,70,2
0,44,2006,10.0,6,0,6,2,1,30,2
24,1,2005,7.0,6,205,3,2,1,30,2
609,30,2011,13.0,6,0,3,2,1,30,3
1,12,2006,18.0,4,0,2,2,1,70,3
338,55,2006,23.0,2,0,3,4,4,50,1
0,1,2012,13.0,2,0,6,1,1,30,3
3212,1,2011,2.0,2,0,3,2,1,30,2
0,13,2013,15.0,2,0,6,1,1,30,3
379,50,2007,0.0,7,0,3,1,4,60,1
9109,34,2005,13.0,2,4187,6,1,2,60,2
202,1,2011,8.0,1,0,3,1,1,30,2
517,30,2013,16.0,7,0,3,2,2,50,2
4114,23,2013,7.0,7,0,4,1,1,50,1
1074,37,2009,13.0,2,0,4,1,1,60,2
25,46,2005,10.0,5,0,3,2,1,30,3
8703,37,2010,10.0,5,0,6,1,1,30,1
0,46,2006,20.0,7,0,6,2,2,30,1
40,1,2005,4.0,5,41,3,1,2,30,2
59,12,2011,14.0,6,0,3,4,3,60,1
4495,43,2012,8.0,3,0,4,2,2,30,3
1212,16,2011,18.0,1,0,4,2,1,30,2
0,1,2012,17.0,3,0,5,1,1,30,3
0,1,2013,23.0,1,0,6,2,1,30,3
1198,35,2006,7.0,3,0,3,2,2,40,3
40,43,2005,10.0,1,0,1,4,1,70,2
27,47,2005,22.0,2,0,3,2,2,70,1
0,1,2013,16.0,6,0,6,2,1,30,1
0,40,2005,17.0,2,0,6,2,2,30,2
4011,43,2009,13.0,1,0,4,2,1,60,1
0,1,2005,7.0,4,0,6,1,1,30,2
34,20,2013,18.0,7,0,3,2,4,40,1
0,44,2006,20.0,2,0,6,1,1,30,2
6011,31,2007,14.0,6,0,3,2,1,40,2
4465,52,2013,12.0,5,-1,4,2,1,40,3
0,97,2007,7.0,5,0,6,1,1,30,2
4,62,2005,1.0,2,0,1,1,3,70,1
1043,35,2010,21.0,3,0,4,1,1,30,2
453,31,2009,8.0,4,0,3,2,1,60,2
342,46,2010,7.0,5,0,6,1,2,60,2
3,1,2011,20.0,5,2217,3,1,1,30,1
0,61,2011,15.0,7,0,6,1,1,30,2
74,97,2007,1.0,4,0,1,1,1,30,3
0,20,2014,17.0,6,0,6,2,1,30,2
0,1,2012,19.0,4,0,6,1,1,30,2
0,5,2009,17.0,7,0,6,1,1,30,1
11,54,2014,13.0,2,0,5,2,3,60,2
39,47,2007,22.0,4,0,5,2,2,60,3
0,44,2007,7.0,3,0,6,2,1,30,3
207,1,2007,22.0,3,0,3,2,1,30,2
5250,30,2005,14.0,1,5111,3,2,5,40,2
6,23,2007,17.0,6,0,1,2,1,70,1
0,44,2013,12.0,4,0,6,1,1,30,2
219,40,2005,21.0,3,0,5,2,1,60,3
0,5,2005,21.0,3,0,6,1,1,30,1
4101,20,2014,21.0,2,0,3,1,1,30,2
682,4,2010,5.0,6,0,3,1,4,60,2
0,97,2005,8.0,6,0,6,1,1,30,2
259,47,2007,17.0,1,0,3,2,1,30,2
230,1,2006,13.0,2,0,4,1,2,30,2
540,5,2007,12.0,7,0,3,2,1,30,3
1068,10,2007,12.0,2,6701,3,3,2,60,3
3353,54,2006,12.0,1,0,4,2,1,30,3
9,93,2007,18.0,4,0,3,2,1,60,3
0,52,2014,7.0,3,0,6,2,1,30,3
0,42,2014,21.0,4,0,6,2,1,30,3
4571,63,2011,8.0,4,0,4,2,1,60,2
64,12,2010,5.0,6,0,3,2,1,60,1
248,45,2005,15.0,6,3278,5,1,1,30,2
281,47,2012,10.0,5,0,3,1,1,60,2
5201,1,2014,21.0,5,201,3,2,1,30,2
814,97,2014,8.0,5,0,3,2,2,50,2
49,34,2006,1.0,7,0,5,2,1,60,3
60,6,2007,19.0,7,0,1,3,4,70,1
6479,12,2010,19.0,5,0,4,2,1,60,1
2,1,2012,9.0,3,221,3,2,1,30,2
760,97,2011,13.0,6,0,3,2,1,60,2
1022,42,2014,16.0,1,0,4,2,1,30,3
0,7,2006,20.0,7,0,6,1,3,60,2
3,1,2013,8.0,3,0,3,2,1,30,2
32,44,2014,3.0,6,0,3,2,2,50,1
0,47,2014,18.0,5,0,6,2,1,30,3
0,20,2010,21.0,2,0,6,1,2,30,1
167,11,2007,2.0,7,0,3,1,1,60,1
25,45,2010,17.0,1,320,3,2,2,30,2
1254,16,2012,17.0,1,0,4,2,1,30,2
25,46,2014,17.0,6,0,3,2,1,30,2
23,47,2005,13.0,7,23,1,1,1,70,3
977,93,2012,16.0,2,0,3,2,2,40,1
461,21,2006,8.0,4,5,3,2,1,60,3
0,50,2007,15.0,4,0,6,1,1,30,3
162,12,2010,15.0,4,-1,5,1,2,20,2
406,1,2009,19.0,4,0,3,1,1,50,1
0,3,2012,7.0,4,0,6,1,1,60,2
192,46,2007,7.0,1,0,5,2,2,30,1
619,30,2014,17.0,3,0,3,1,1,30,2
4060,52,2006,23.0,7,0,4,1,1,60,1
0,14,2010,8.0,5,0,6,2,1,30,3
5048,5,2013,16.0,3,0,3,1,1,30,2
0,42,2011,17.0,3,0,6,2,1,40,2
5063,22,2014,16.0,3,0,4,2,5,60,3
0,97,2006,18.0,6,0,6,1,1,30,2
0,95,2005,7.0,5,0,6,2,1,30,2
0,35,2012,23.0,1,0,6,1,3,60,3
0,1,2011,16.0,5,0,6,2,1,30,3
9,91,2006,7.0,7,0,3,3,4,60,1
0,1,2005,6.0,7,0,5,1,1,30,1
137,1,2006,7.0,1,0,4,3,2,30,2
5289,3,2011,17.0,4,0,4,2,1,40,1
30,44,2010,22.0,5,0,3,2,2,40,2
40,1,2012,16.0,1,0,3,3,1,40,2
0,61,2012,18.0,2,0,6,2,1,30,3
3024,44,2011,17.0,6,0,3,2,1,30,2
45,34,2007,12.0,1,0,3,3,3,40,1
1190,32,2006,14.0,4,0,4,3,2,30,3
29,45,2005,12.0,1,0,3,1,1,60,2
143,37,2007,21.0,7,0,3,3,3,30,2
646,13,2009,2.0,3,0,3,1,2,40,2
8,97,2007,12.0,7,0,1,3,5,70,1
1,1,2014,11.0,5,1,3,1,1,30,2
124,1,2012,10.0,3,166,3,1,2,30,2
40,1,2013,15.0,1,406,3,1,1,30,2
41,1,2010,18.0,2,41,3,2,1,30,1
0,4,2006,11.0,2,6239,6,1,1,30,2
140,1,2007,12.0,2,0,4,1,1,30,2
47,35,2009,11.0,5,0,3,2,13,60,1
10,1,2006,15.0,7,154,3,1,1,30,2
337,55,2010,7.0,4,0,3,3,1,40,3
0,4,2005,20.0,6,0,6,1,1,30,3
0,97,2014,16.0,5,0,6,1,1,30,2
3,1,2014,15.0,1,0,3,2,1,30,3
25,45,2010,5.0,2,0,1,1,1,70,3
25,45,2014,8.0,5,0,1,3,2,70,3
671,4,2012,0.0,7,0,3,1,1,30,2
180,16,2006,2.0,7,0,3,2,2,30,2
911,94,2007,14.0,3,0,3,2,2,60,2
751,97,2009,11.0,2,0,4,2,2,60,1
4180,1,2011,13.0,7,0,3,2,1,30,3
580,5,2010,4.0,1,0,3,1,3,40,1
5,52,2014,14.0,6,0,1,2,1,70,2
6258,4,2014,12.0,7,0,4,2,2,30,2
5099,4,2012,12.0,1,0,3,1,1,30,2
0,63,2012,20.0,3,0,6,1,1,30,2
0,42,2011,23.0,4,0,6,2,3,30,2
625,14,2006,4.0,7,0,3,1,2,30,3
232,1,2013,10.0,3,0,3,2,1,30,3
109,1,2005,4.0,3,155,3,2,1,50,3
0,50,2013,12.0,5,0,6,2,1,30,2
0,47,2005,20.0,5,0,6,2,1,30,3
5219,6,2013,9.0,7,0,4,2,1,30,2
46,53,2011,9.0,3,1111,3,2,1,30,2
0,1,2006,19.0,5,0,5,2,1,30,2
191,45,2007,18.0,6,192,6,2,2,60,1
1286,10,2013,15.0,6,5087,4,1,1,30,1
0,44,2005,12.0,7,0,6,3,2,30,1
3432,50,2011,12.0,6,0,4,2,2,40,3
3079,50,2005,13.0,5,0,3,3,6,60,1
390,54,2005,17.0,7,-1,4,2,1,60,1
65,13,2012,5.0,4,0,3,1,1,30,1
34,6,2013,15.0,2,34,3,1,1,30,2
0,95,2011,2.0,1,0,5,1,1,30,3
1,14,2005,16.0,2,0,1,3,4,70,3
0,48,2007,7.0,2,0,5,2,1,30,3
361,50,2010,16.0,2,0,3,2,6,60,1
0,97,2005,9.0,5,0,6,1,1,30,1
647,13,2012,9.0,6,0,3,3,2,30,3
123,1,2011,21.0,5,0,3,2,1,30,2
419,54,2010,9.0,1,0,5,2,1,30,3
60,6,2007,15.0,7,576,1,2,2,70,3
23,1,2007,2.0,5,0,3,1,1,30,1
60,31,2010,5.0,1,0,3,1,3,60,1
1363,12,2013,18.0,7,0,4,1,1,30,3
6388,14,2005,8.0,5,6135,4,2,1,30,2
587,4,2010,21.0,1,0,3,1,3,30,3
1228,16,2014,17.0,4,0,4,2,2,60,3
183,10,2009,17.0,1,0,3,2,4,30,2
0,5,2007,17.0,4,5027,6,2,1,30,3
3066,55,2011,21.0,2,0,3,2,1,60,2
46,45,2007,23.0,6,0,6,1,5,60,1
0,1,2007,21.0,3,0,5,1,1,30,2
189,10,2014,6.0,3,0,3,1,1,70,1
261,36,2006,17.0,3,0,5,2,1,30,2
0,7,2011,19.0,7,0,6,2,4,30,2
0,47,2010,16.0,3,0,5,2,1,30,3
5152,7,2005,8.0,6,0,4,2,2,40,3
34,7,2011,20.0,2,0,3,1,1,60,2
5,60,2013,12.0,3,0,3,2,1,60,1
4390,23,2006,9.0,6,-1,3,2,2,30,2
453,20,2011,19.0,3,0,3,2,1,40,2
4003,45,2010,14.0,5,0,6,1,1,30,3
1057,42,2011,10.0,7,0,4,3,2,60,1
4074,43,2010,16.0,6,0,3,2,2,50,1
249,46,2006,9.0,3,0,3,2,1,60,1
11,37,2006,7.0,5,0,3,3,1,60,3
2,1,2012,8.0,5,0,3,2,1,30,2
691,11,2006,12.0,3,0,3,1,1,60,1
1243,16,2012,11.0,6,0,3,1,1,30,3
181,30,2013,18.0,1,0,5,1,1,60,1
533,7,2009,14.0,2,0,3,2,1,30,2
0,62,2010,21.0,2,0,6,1,1,30,3
1,13,2006,15.0,2,0,3,3,1,60,3
0,35,2009,17.0,5,0,6,2,1,30,2
89,97,2007,17.0,2,0,3,1,1,30,1
638,14,2005,14.0,7,0,3,2,3,40,2
0,44,2009,14.0,2,0,6,2,1,30,3
6,4,2005,2.0,1,0,1,2,2,70,1
27,44,2007,17.0,1,0,1,3,5,70,1
4175,52,2006,12.0,4,0,3,2,2,60,1
0,13,2010,16.0,4,0,6,1,1,30,2
6177,4,2012,7.0,5,0,3,1,2,30,2
0,97,2007,10.0,3,0,6,1,1,30,3
4102,20,2010,8.0,3,0,4,1,1,30,2
0,20,2014,19.0,1,0,6,2,2,30,3
511,30,2007,8.0,2,0,3,2,1,40,3
4128,20,2014,17.0,1,0,4,1,1,60,2
406,1,2012,7.0,3,0,3,3,1,50,2
0,30,2006,10.0,1,0,6,1,1,60,1
0,1,2013,17.0,3,0,6,1,1,30,2
2,1,2005,22.0,2,0,3,1,1,30,3
2021,7,2012,22.0,1,0,5,2,1,40,1
51,34,2010,23.0,3,0,5,2,2,60,1
4150,20,2012,11.0,7,0,3,2,2,40,3
431,46,2007,17.0,1,0,6,1,1,30,2
9013,92,2006,0.0,7,96,4,1,3,60,1
4455,23,2014,12.0,6,0,4,2,2,60,3
6,4,2012,10.0,7,0,3,2,1,30,2
363,10,2014,14.0,5,9076,5,2,2,50,2
2625,33,2009,18.0,5,6030,6,2,1,30,3
4,54,2011,13.0,1,0,3,2,1,50,2
1148,10,2009,9.0,1,0,3,2,1,40,2
0,46,2013,20.0,5,0,6,2,1,30,2
212,1,2005,18.0,7,2218,3,2,1,30,3
1227,10,2013,13.0,6,1227,6,2,1,30,3
500,21,2010,11.0,1,0,3,2,1,70,1
69,33,2006,12.0,7,0,1,1,3,70,1
957,92,2010,20.0,4,0,3,2,1,60,1
8010,97,2014,8.0,4,0,3,2,1,30,2
35,55,2005,17.0,5,0,3,2,1,30,3
6280,11,2005,7.0,4,0,4,3,2,30,3
461,20,2005,9.0,1,0,3,1,2,30,1
4,62,2010,14.0,6,0,1,3,3,70,1
59,12,2007,14.0,3,6069,3,2,2,60,1
30,54,2007,23.0,2,0,3,3,5,60,1
688,11,2007,14.0,6,0,3,3,3,60,2
664,6,2009,18.0,3,0,3,1,1,30,2
1083,1,2007,15.0,5,0,3,1,3,30,3
0,20,2006,16.0,6,0,6,1,1,30,2
74,97,2006,4.0,4,0,3,1,2,30,3
449,22,2011,15.0,4,0,3,2,1,70,1
4183,43,2006,20.0,2,0,3,2,1,30,2
281,47,2009,7.0,7,0,3,1,1,60,2
23,1,2013,19.0,3,2217,3,2,1,30,2
361,54,2009,17.0,3,0,3,3,2,60,3
27,47,2006,8.0,2,0,3,3,1,70,3
4469,52,2011,18.0,2,0,4,2,1,30,2
183,10,2012,12.0,2,3170,3,2,1,30,3
5038,5,2011,17.0,6,5038,3,1,1,30,2
2237,47,2005,0.0,3,0,4,1,2,40,1
6,7,2011,17.0,6,62,1,1,1,70,2
31,44,2009,5.0,4,0,3,1,1,70,3
25,45,2005,17.0,5,0,1,4,1,70,3
6,4,2011,2.0,7,0,3,2,6,30,2
0,4,2012,0.0,6,0,6,1,1,30,1
1240,16,2009,11.0,7,0,4,2,4,30,2
0,52,2005,21.0,2,-1,6,2,1,30,2
0,36,2009,10.0,3,0,6,1,1,30,3
1044,35,2012,13.0,1,0,4,2,2,30,3
0,6,2006,20.0,6,0,5,2,1,30,2
388,50,2011,8.0,3,510,3,3,1,60,1
134,37,2010,12.0,2,8363,3,2,2,30,1
5117,7,2014,9.0,7,0,3,2,1,60,2
225,46,2011,0.0,1,0,3,1,1,30,2
118,1,2014,16.0,5,116,3,1,2,30,2
548,60,2005,21.0,4,0,3,1,1,60,1
49,6,2012,17.0,6,0,3,1,1,30,1
5339,10,2012,22.0,1,5338,6,2,3,30,3
0,12,2005,16.0,5,1261,6,2,1,40,3
0,48,2010,22.0,7,201,5,2,1,30,3
535,7,2011,15.0,3,0,3,1,1,50,2
4146,41,2012,22.0,6,672,3,2,2,50,2
1057,42,2009,15.0,1,0,4,1,1,60,1
28,46,2011,21.0,5,28,3,2,1,30,2
81,30,2012,8.0,3,0,5,2,1,30,3
0,1,2012,9.0,2,0,5,1,1,30,2
0,22,2006,11.0,2,0,6,1,1,60,2
0,32,2006,6.0,4,0,6,1,1,60,1
0,50,2005,17.0,4,0,6,2,1,60,2
165,16,2014,19.0,3,0,3,1,2,30,3
901,95,2014,13.0,4,0,3,1,1,30,1
4263,61,2005,13.0,3,0,4,2,1,30,1
374,50,2007,22.0,6,0,3,2,2,30,1
338,55,2013,14.0,3,0,3,1,1,40,2
60,31,2010,17.0,5,0,3,1,1,30,2
215,1,2011,2.0,1,0,3,1,1,30,2
236,1,2005,13.0,4,0,3,1,1,30,2
167,12,2007,13.0,1,0,3,4,4,60,1
557,41,2007,19.0,5,0,6,1,1,50,3
259,47,2010,15.0,5,0,3,1,1,30,3
504,1,2012,16.0,4,0,3,1,1,30,2
914,94,2007,15.0,6,0,3,3,1,60,2
0,22,2014,16.0,2,0,6,1,1,30,2
46,53,2009,20.0,4,-1,3,2,6,40,2
0,42,2005,17.0,5,0,6,2,1,30,3
435,20,2013,12.0,3,0,3,1,1,30,1
0,20,2012,3.0,3,0,6,3,1,30,2
2072,46,2011,17.0,5,0,6,1,1,30,3
26,46,2010,13.0,7,0,3,1,1,30,1
0,13,2013,22.0,1,0,6,1,1,30,3
244,1,2007,14.0,3,0,3,2,1,30,3
59,5,2005,0.0,6,0,3,2,6,40,1
19,21,2014,21.0,2,0,6,1,1,30,2
233,1,2013,22.0,6,0,3,1,1,30,2
423,43,2012,10.0,6,0,3,2,1,40,2
60,31,2012,20.0,2,0,3,2,2,30,3
0,4,2007,18.0,6,0,6,1,2,30,1
58,6,2006,11.0,3,61,3,3,1,60,3
621,14,2006,19.0,4,0,3,3,3,30,3
5,22,2006,10.0,3,5,1,4,1,70,1
647,13,2011,23.0,6,647,3,1,4,40,1
1,34,2014,4.0,2,0,1,2,1,70,2
0,95,2011,12.0,7,0,6,2,1,60,2
690,11,2011,19.0,2,0,3,1,4,70,1
0,6,2009,5.0,7,0,5,1,3,30,1
468,61,2014,5.0,3,0,3,1,1,50,3
4632,23,2005,18.0,2,0,4,1,1,60,2
4634,53,2009,11.0,6,0,4,2,1,50,2
222,1,2013,20.0,1,0,3,2,1,30,3
0,1,2012,19.0,2,400,6,2,1,30,2
41,7,2006,18.0,1,215,3,1,1,40,2
0,5,2005,18.0,3,0,6,2,3,30,1
0,50,2011,8.0,5,0,6,1,1,30,2
4703,33,2006,15.0,6,0,5,1,1,60,2
582,33,2009,12.0,4,0,4,4,1,40,1
208,21,2007,8.0,7,151,6,2,1,60,1
1380,17,2013,11.0,7,0,4,1,1,30,1
57,32,2011,22.0,1,0,3,2,1,30,1
30,52,2014,16.0,6,37,3,1,1,30,2
0,22,2009,8.0,3,0,6,3,2,30,1
4012,40,2014,20.0,4,0,3,1,1,60,2
951,46,2013,21.0,3,0,6,1,1,60,2
41,7,2009,8.0,6,0,3,3,2,60,3
54,7,2007,17.0,2,0,3,3,1,40,1
4165,43,2006,14.0,3,0,3,2,1,30,2
671,6,2014,13.0,2,0,3,1,1,30,1
0,44,2013,23.0,7,0,6,2,5,60,2
6016,31,2006,8.0,2,96,4,2,15,30,2
38,52,2007,8.0,5,0,3,2,1,30,2
1121,32,2011,3.0,3,0,3,2,1,60,1
0,13,2009,20.0,6,0,6,3,1,30,3
0,1,2006,21.0,6,0,6,1,1,30,2
420,43,2006,10.0,4,0,3,2,1,30,2
768,50,2006,16.0,5,0,5,2,1,30,3
668,33,2012,9.0,1,0,4,2,2,30,1
323,44,2010,8.0,7,0,3,1,1,40,1
6017,6,2009,8.0,6,0,3,1,1,30,2
0,31,2014,10.0,7,0,6,1,1,30,2
1,34,2005,10.0,7,0,1,1,1,70,3
582,4,2011,22.0,5,0,3,2,2,60,1
5103,6,2007,16.0,2,0,3,2,1,30,2
0,1,2009,18.0,7,0,6,2,1,30,3
47,36,2014,14.0,1,0,3,1,2,70,1
428,35,2007,7.0,4,0,3,4,1,60,3
664,6,2012,15.0,5,58,3,1,1,40,1
0,95,2006,4.0,3,0,6,1,1,30,1
9204,33,2014,14.0,3,6,6,2,1,30,3
6429,13,2006,3.0,6,0,4,4,1,30,2
147,55,2011,10.0,6,0,5,1,1,30,3
5093,6,2005,22.0,4,0,4,2,1,30,2
1042,36,2006,16.0,4,0,3,1,1,30,2
1,10,2011,13.0,6,3092,3,2,4,70,3
3103,33,2009,18.0,1,0,5,2,1,30,1
606,33,2007,16.0,4,0,3,1,1,30,2
660,13,2010,8.0,4,0,3,2,1,30,2
9096,96,2014,15.0,6,0,4,2,3,30,3
259,47,2007,10.0,2,24,3,2,1,60,3
0,4,2010,21.0,4,0,6,3,4,30,1
483,62,2006,13.0,2,0,3,2,3,30,1
1119,37,2013,19.0,6,245,4,2,4,60,1
0,46,2006,13.0,3,0,6,1,1,60,1
66,3,2012,7.0,2,0,3,1,1,70,3
322,43,2011,15.0,6,0,3,3,4,40,3
769,97,2009,14.0,2,0,4,2,2,30,3
6900,34,2007,2.0,1,0,3,1,1,30,3
0,22,2013,7.0,7,0,6,1,1,30,1
9,91,2012,13.0,5,0,3,2,1,60,3
638,13,2011,17.0,5,0,3,1,1,30,2
303,52,2012,8.0,5,0,3,2,4,60,1
512,33,2005,19.0,6,8201,3,1,2,50,1
26,47,2011,14.0,7,0,3,2,1,60,2
218,93,2013,10.0,2,202,5,2,1,30,2
0,44,2007,7.0,2,0,6,2,1,30,1
0,31,2010,17.0,4,0,6,3,1,30,3
606,31,2014,8.0,2,0,3,2,1,30,2
5272,21,2006,22.0,2,27,3,3,1,30,3
629,13,2010,18.0,2,0,3,2,1,30,1
0,50,2009,12.0,3,0,6,1,2,30,3
180,16,2011,9.0,7,0,1,1,1,70,2
135,31,2005,16.0,1,0,5,2,1,30,3
206,1,2005,6.0,6,0,3,1,1,30,2
288,41,2014,19.0,5,0,6,1,1,30,3
819,97,2005,17.0,6,0,4,2,1,60,3
3137,50,2006,9.0,3,0,4,2,4,60,2
7302,43,2006,8.0,5,0,6,2,1,30,3
4,62,2011,12.0,5,0,1,1,1,70,1
1262,32,2012,17.0,4,0,4,2,1,30,2
26,46,2014,13.0,6,0,3,2,1,30,3
136,10,2007,19.0,7,0,6,1,2,30,1
1071,37,2007,15.0,5,-1,3,4,4,60,1
90,92,2009,22.0,1,0,3,2,1,70,3
323,10,2006,20.0,1,0,5,2,4,60,1
25,45,2012,6.0,5,0,1,3,2,70,3
1065,37,2013,18.0,2,0,3,2,1,60,3
4,1,2006,17.0,4,0,3,1,1,40,1
52,32,2014,16.0,3,0,3,2,1,30,1
203,1,2010,0.0,7,0,3,2,1,30,2
664,6,2007,11.0,4,664,3,1,2,30,2
43,34,2010,7.0,5,2,3,2,1,70,3
5317,45,2011,16.0,4,0,6,2,1,30,1
811,96,2005,14.0,7,-1,3,2,1,60,3
189,43,2006,14.0,3,0,6,2,1,30,3
6060,14,2014,12.0,6,0,4,2,2,60,2
425,23,2007,17.0,2,0,3,2,1,30,3
4074,43,2013,12.0,4,0,3,3,5,60,1
249,46,2005,5.0,6,0,3,2,1,50,3
7029,97,2005,17.0,3,0,4,1,1,30,2
0,4,2012,18.0,2,0,6,2,2,60,2
27,47,2006,8.0,4,283,3,1,1,70,3
406,1,2014,18.0,7,0,3,2,1,30,3
6,23,2005,17.0,4,0,1,2,1,70,3
50,21,2014,9.0,3,50,3,2,1,50,3
1080,1,2013,20.0,4,10,3,1,1,30,3
137,42,2010,17.0,5,0,3,1,1,30,2
4,43,2012,18.0,1,7302,3,1,2,30,1
2100,47,2011,9.0,2,0,3,3,1,30,2
3012,45,2009,14.0,4,0,4,1,1,60,2
23,47,2012,7.0,2,2114,3,2,1,60,2
0,13,2005,9.0,4,0,6,1,1,60,3
4273,62,2013,14.0,3,0,4,2,1,30,2
0,22,2014,14.0,4,0,6,2,3,40,2
0,30,2010,1.0,7,0,6,1,2,30,1
0,6,2012,21.0,2,0,6,2,1,20,3
21,1,2013,17.0,6,0,3,2,1,30,3
161,16,2012,15.0,3,0,3,2,1,30,1
0,6,2012,8.0,5,0,5,1,1,30,2
0,44,2010,19.0,4,0,6,2,1,20,2
356,52,2005,8.0,5,0,3,2,1,30,3
661,35,2011,15.0,2,0,4,2,1,60,1
420,43,2013,13.0,4,0,3,3,1,20,3
4113,23,2006,15.0,4,0,4,1,1,30,3
1079,37,2009,14.0,2,0,4,1,1,60,1
0,1,2005,14.0,1,0,6,1,1,30,3
20,46,2014,13.0,5,0,3,1,1,50,2
690,10,2006,21.0,1,0,3,1,2,70,1
5248,4,2006,7.0,4,0,4,2,1,30,1
5307,3,2007,19.0,5,0,4,1,1,30,1
0,12,2007,12.0,5,0,6,2,1,30,3
12,37,2009,15.0,6,1126,3,2,3,70,1
27,47,2010,18.0,6,0,3,2,1,50,3
5147,5,2007,11.0,7,0,3,2,1,60,2
4449,43,2011,15.0,6,0,4,1,1,60,3
461,20,2010,7.0,1,0,3,1,1,30,1
0,62,2006,8.0,2,0,6,2,1,30,2
256,46,2010,15.0,6,0,3,2,1,60,3
223,1,2005,23.0,1,0,3,3,1,30,2
338,44,2014,4.0,1,0,3,1,1,60,1
39,31,2006,13.0,1,0,5,2,4,40,1
0,1,2011,10.0,6,0,6,2,1,30,3
0,44,2005,23.0,6,0,6,2,1,30,2
350,54,2009,13.0,2,155,3,4,2,60,3
5053,21,2014,14.0,4,0,4,2,1,40,2
1224,12,2012,10.0,4,0,4,1,1,30,3
20,1,2012,21.0,5,0,3,1,1,30,3
1,1,2013,9.0,2,0,3,2,1,30,1
3,44,2007,9.0,4,0,1,1,1,70,1
6451,12,2013,8.0,2,0,4,1,1,60,3
165,12,2006,23.0,6,0,3,1,2,60,1
0,6,2006,16.0,5,0,6,3,2,30,3
33,43,2013,17.0,4,7201,3,2,2,40,3
65,4,2007,18.0,5,0,1,1,1,70,1
0,14,2013,22.0,4,0,6,2,2,60,1
2,46,2010,19.0,6,0,3,2,1,70,1
0,1,2010,8.0,5,0,5,2,1,30,3
6265,13,2007,7.0,4,0,4,2,1,30,3
6,7,2014,22.0,7,0,1,2,4,70,1
639,41,2005,16.0,2,401,6,2,1,30,2
687,12,2007,23.0,2,0,3,1,1,60,1
92,94,2005,0.0,2,92,3,2,1,70,3
1230,16,2009,17.0,5,0,4,2,1,60,2
112,30,2010,5.0,2,0,5,1,1,60,1
3252,50,2013,16.0,3,3251,4,2,2,60,3
0,14,2014,7.0,6,0,6,2,1,30,3
245,36,2005,8.0,4,0,5,1,1,60,1
0,1,2007,12.0,6,209,6,1,1,30,2
0,17,2011,11.0,2,0,6,4,1,30,3
127,1,2006,14.0,3,118,3,2,1,30,2
6426,41,2009,15.0,3,64,4,2,1,30,3
223,32,2007,20.0,5,0,5,2,2,60,1
0,1,2012,15.0,4,0,6,2,1,30,3
0,1,2005,9.0,4,0,6,1,1,30,1
452,20,2005,18.0,1,0,3,1,1,70,2
0,1,2006,11.0,2,0,5,2,1,30,2
90,92,2005,1.0,1,0,3,1,1,70,1
0,93,2011,15.0,5,0,6,1,1,30,1
5124,4,2006,9.0,1,0,4,2,2,30,2
52,33,2013,7.0,2,8201,3,3,1,60,3
1,34,2007,18.0,1,0,1,2,3,70,2
0,6,2005,12.0,3,0,6,2,1,30,1
320,43,2006,20.0,2,0,6,2,1,30,3
0,1,2007,23.0,6,0,6,1,1,30,2
7066,95,2006,21.0,3,0,4,2,7,60,1
19,10,2007,11.0,7,19,3,2,2,70,1
3066,55,2014,9.0,5,0,4,1,1,30,3
585,4,2007,15.0,6,0,3,2,3,60,1
6167,6,2011,16.0,2,560,4,1,1,30,1
5355,10,2012,20.0,4,5355,6,2,2,30,2
696,10,2006,12.0,1,696,3,2,4,70,1
274,46,2009,7.0,5,0,3,2,1,30,3
0,47,2013,17.0,7,0,5,3,3,60,2
386,50,2005,11.0,1,0,3,1,1,60,1
0,52,2012,16.0,4,0,6,2,4,30,3
0,1,2012,17.0,4,0,6,1,1,30,3
817,91,2007,8.0,2,0,4,2,1,30,3
455,47,2011,15.0,3,455,5,1,1,30,2
40,1,2005,18.0,2,0,3,2,1,50,3
0,50,2005,10.0,2,0,6,2,1,60,3
351,55,2006,3.0,6,147,3,3,1,30,1
0,20,2012,14.0,6,0,6,2,2,30,3
312,1,2014,21.0,6,0,3,1,1,30,2
49,7,2010,15.0,2,0,3,2,1,40,3
24,47,2013,7.0,5,0,3,2,2,50,1
0,1,2012,12.0,3,0,6,1,1,30,1
4,62,2007,17.0,6,0,1,1,4,70,1
23,1,2007,19.0,5,205,3,2,1,30,1
71,95,2014,18.0,1,0,3,1,1,30,2
4,43,2012,8.0,7,0,1,2,1,70,3
3050,45,2010,1.0,7,0,3,1,1,30,2
548,7,2012,14.0,2,0,3,2,1,30,3
5047,34,2012,18.0,6,5106,6,2,1,30,3
6102,14,2012,15.0,7,0,3,2,1,40,3
9,31,2007,23.0,2,39,5,1,2,30,3
0,42,2005,16.0,1,0,6,2,6,30,3
0,5,2005,19.0,6,0,5,2,1,30,3
223,1,2006,6.0,2,0,3,1,1,30,2
184,31,2014,16.0,3,610,5,1,1,30,3
20,46,2007,18.0,5,0,3,2,1,40,1
0,95,2012,15.0,5,0,6,2,1,30,3
4311,54,2007,14.0,1,0,3,2,2,30,2
77,97,2005,13.0,6,730,3,2,1,70,2
0,47,2012,8.0,3,0,6,2,1,30,3
644,13,2011,7.0,3,0,3,2,1,60,3
0,97,2012,13.0,2,0,6,1,1,30,3
102,1,2005,6.0,2,0,3,2,1,30,3
0,5,2011,18.0,4,0,6,2,1,30,2
232,1,2009,13.0,2,0,3,2,1,30,3
814,97,2006,21.0,6,0,3,1,1,30,2
1003,32,2010,8.0,5,1378,4,2,2,40,3
0,4,2005,18.0,3,0,6,1,1,30,3
0,47,2009,7.0,3,0,6,2,4,40,1
0,52,2005,22.0,7,0,6,1,1,30,2
1,1,2013,7.0,5,0,3,2,1,30,3
0,47,2006,13.0,3,0,6,2,1,30,3
6126,13,2014,19.0,5,0,4,2,1,30,2
1205,1,2010,7.0,4,0,3,2,1,30,3
0,4,2009,17.0,5,0,5,1,2,30,2
0,44,2010,1.0,7,0,6,1,1,30,2
426,33,2007,20.0,6,0,3,1,2,60,1
6075,31,2011,19.0,2,0,3,6,4,60,1
5005,21,2009,19.0,7,112,3,2,2,30,3
140,43,2006,15.0,4,9,5,1,1,30,3
78,97,2012,9.0,1,0,3,1,1,60,3
483,62,2013,23.0,7,0,3,1,1,30,2
632,30,2012,19.0,7,0,3,2,1,60,3
152,1,2011,23.0,6,0,4,2,1,30,2
388,43,2005,20.0,4,0,6,2,1,30,3
6265,12,2009,8.0,7,0,4,2,2,30,3
291,50,2007,12.0,4,0,5,2,1,60,3
14,37,2010,16.0,5,14,3,2,1,70,3
4,54,2005,14.0,4,3036,3,3,1,60,3
0,97,2010,17.0,3,0,6,2,1,30,3
0,1,2011,15.0,4,0,5,2,1,30,3
0,20,2013,19.0,4,0,6,2,1,30,3
171,31,2010,13.0,6,0,5,2,2,30,3
0,7,2009,20.0,5,0,6,1,1,30,2
413,43,2007,9.0,2,319,3,4,2,60,1
6060,14,2014,16.0,2,0,4,2,1,60,2
698,37,2013,13.0,1,698,5,2,1,30,3
0,95,2014,9.0,2,0,6,1,1,30,1
244,45,2012,8.0,6,233,3,2,4,30,2
90,92,2006,1.0,7,0,3,3,2,40,1
6,3,2006,12.0,1,0,3,2,2,60,2
625,14,2007,13.0,3,0,3,2,1,30,2
695,10,2010,17.0,6,0,3,2,4,50,3
0,6,2006,11.0,3,0,5,1,1,30,2
4,1,2009,22.0,2,4,3,1,1,30,1
118,1,2011,3.0,4,0,3,1,3,30,2
996,93,2014,15.0,4,0,4,1,1,60,1
20,1,2010,18.0,6,0,3,2,2,30,2
189,10,2010,7.0,6,112,3,2,1,40,3
14,35,2005,11.0,2,0,3,4,1,70,2
335,44,2009,12.0,1,0,3,3,2,30,3
0,93,2014,17.0,3,0,6,1,1,30,3
1337,10,2013,9.0,2,0,4,2,2,30,1
31,44,2009,14.0,1,0,3,1,1,60,1
0,20,2007,17.0,4,0,6,2,2,30,2
0,52,2014,1.0,1,0,6,1,2,60,1
7038,97,2010,22.0,6,0,4,2,1,30,2
441,20,2006,19.0,6,0,3,3,3,30,2
6,4,2012,10.0,1,5257,3,2,1,70,2
0,60,2006,0.0,7,0,6,2,1,40,3
0,14,2011,10.0,6,0,6,1,1,30,3
137,1,2010,10.0,6,0,4,2,2,30,3
245,45,2011,22.0,6,0,3,2,1,30,2
4124,20,2014,15.0,6,0,4,3,2,30,3
0,6,2013,11.0,3,0,5,1,1,30,2
579,6,2012,1.0,5,0,3,4,1,30,1
4632,53,2010,11.0,7,0,4,4,3,60,1
761,97,2013,17.0,5,726,3,1,1,30,2
35,44,2013,18.0,1,35,3,1,1,50,2
449,22,2007,11.0,7,0,3,2,1,60,1
69,47,2009,11.0,1,0,5,1,1,40,2
228,46,2005,17.0,2,0,3,1,1,60,3
0,95,2012,9.0,3,0,5,1,1,30,2
3140,52,2011,9.0,5,0,4,1,1,30,2
0,1,2010,18.0,5,0,6,1,1,30,1
1206,16,2014,18.0,3,0,4,1,1,60,3
2029,45,2010,2.0,3,0,4,1,1,50,1
0,1,2005,10.0,1,0,6,2,1,30,3
214,1,2005,7.0,2,0,4,2,1,30,2
0,54,2013,17.0,4,0,6,2,1,30,3
6123,13,2007,22.0,6,0,4,1,1,30,2
53,21,2011,16.0,6,0,3,2,2,60,2
449,22,2009,21.0,3,0,3,2,3,40,1
674,4,2014,12.0,1,0,3,2,1,30,2
0,6,2010,15.0,2,0,6,1,1,30,3
50,33,2007,21.0,2,3206,3,2,1,50,3
0,46,2006,22.0,1,0,6,1,1,40,1
0,37,2014,17.0,3,0,6,1,2,30,1
920,94,2012,2.0,1,0,4,1,2,40,2
607,32,2007,8.0,2,0,3,1,1,60,2
25,41,2014,9.0,6,0,1,2,1,70,2
38,22,2009,17.0,7,38,3,2,1,30,2
140,31,2007,19.0,2,0,5,1,1,30,1
631,14,2012,17.0,7,0,3,4,1,60,1
211,1,2007,18.0,5,0,3,2,1,30,2
9,91,2007,15.0,6,0,3,4,6,60,1
392,41,2010,15.0,2,412,6,1,1,30,2
438,22,2007,16.0,2,0,3,3,3,60,1
0,63,2013,0.0,3,0,6,1,1,60,3
1172,36,2013,7.0,5,1135,4,2,1,40,3
426,33,2006,5.0,7,0,3,2,2,60,1
3121,50,2005,10.0,7,0,3,2,1,60,1
6,33,2005,19.0,4,0,3,2,2,60,1
1134,35,2007,10.0,1,0,3,2,1,40,3
258,46,2013,9.0,1,0,5,2,1,60,1
1004,41,2014,15.0,7,0,4,2,1,60,1
158,32,2005,22.0,4,0,3,2,1,40,3
72,30,2007,23.0,7,0,5,2,2,30,2
548,60,2005,22.0,1,0,3,1,1,30,2
50,33,2006,17.0,3,0,3,2,4,70,3
22,21,2007,19.0,3,0,5,1,2,60,2
493,60,2014,22.0,6,0,3,1,1,60,2
40,43,2007,12.0,5,0,1,2,2,70,3
77,97,2006,20.0,5,0,3,2,1,70,1
470,63,2005,10.0,4,489,3,2,1,60,1
6134,13,2006,4.0,1,0,4,1,2,30,1
19,14,2012,13.0,1,0,3,2,1,30,2
265,1,2013,7.0,4,0,4,2,2,30,2
1115,37,2010,18.0,4,717,4,2,1,60,1
125,40,2006,16.0,7,0,6,1,1,60,1
25,46,2011,11.0,5,0,5,2,1,60,1
1307,35,2005,19.0,7,0,3,2,2,60,2
337,44,2006,10.0,5,0,3,2,1,50,1
6,30,2012,20.0,3,0,3,1,1,50,2
706,95,2005,13.0,6,0,3,2,2,60,2
670,6,2011,17.0,1,0,3,2,2,40,2
40,1,2009,17.0,6,0,3,1,1,50,1
15,35,2005,13.0,4,0,3,2,1,50,3
53,22,2005,16.0,5,0,3,2,2,60,2
0,44,2007,18.0,4,0,6,2,1,30,3
0,30,2011,12.0,1,0,6,2,3,60,1
40,43,2012,1.0,7,40,1,1,1,70,3
0,4,2013,20.0,6,56,6,1,1,20,2
48,62,2011,5.0,6,0,3,2,2,30,2
25,46,2006,9.0,3,0,1,2,1,70,3
414,41,2012,9.0,5,414,3,2,1,70,3
35,55,2007,19.0,7,0,3,4,2,60,1
630,14,2006,15.0,5,0,3,2,2,40,3
1156,36,2014,13.0,3,0,4,2,3,60,2
1312,10,2010,13.0,1,426,4,1,1,30,1
0,46,2005,17.0,2,0,6,1,1,30,2
274,46,2007,12.0,3,0,3,1,1,40,1
18,14,2007,5.0,5,0,1,4,2,70,1
0,44,2005,20.0,6,0,6,2,1,30,3
4000,54,2012,1.0,7,0,4,1,1,60,2
428,34,2006,23.0,4,7172,3,1,2,30,1
2270,47,2012,16.0,6,0,3,1,1,40,2
323,44,2013,5.0,1,0,3,1,1,30,3
4484,20,2007,21.0,4,0,4,2,1,30,3
0,36,2010,14.0,4,0,6,2,1,30,3
44,63,2012,12.0,1,0,3,1,1,60,2
460,21,2014,2.0,7,32,3,1,1,40,1
44,22,2007,8.0,3,0,3,2,2,60,3
1018,61,2005,15.0,5,0,5,3,3,30,2
0,1,2005,14.0,3,0,6,2,2,30,2
5145,6,2011,12.0,5,0,3,3,1,30,3
28,45,2012,16.0,2,0,5,1,1,30,3
0,1,2007,15.0,4,0,5,3,4,30,2
6016,31,2005,22.0,6,0,4,2,1,60,1
451,22,2006,16.0,2,0,3,2,2,30,1
0,12,2005,7.0,2,0,6,1,1,60,2
329,43,2014,9.0,2,0,3,2,4,50,1
3022,43,2010,7.0,1,7006,4,1,1,40,3
61,14,2012,13.0,7,0,3,2,1,30,3
34,43,2006,7.0,2,0,3,2,1,70,3
915,94,2012,22.0,3,0,3,1,1,60,3
0,4,2013,10.0,4,0,6,2,2,60,1
312,1,2009,14.0,6,0,3,2,2,30,3
17,95,2012,8.0,4,0,6,2,2,60,2
9080,95,2005,17.0,5,0,4,2,1,60,1
149,36,2010,11.0,6,591,3,2,1,60,3
6129,13,2009,22.0,4,0,4,2,2,30,2
7406,43,2007,14.0,3,0,6,1,2,40,1
6006,31,2013,14.0,3,0,3,4,3,60,1
140,37,2006,0.0,7,0,3,1,1,50,1
0,62,2009,14.0,2,0,6,1,1,30,1
8,95,2009,23.0,4,0,1,1,2,70,1
0,5,2005,21.0,6,0,6,1,1,30,3
23,1,2012,7.0,2,0,3,3,1,30,1
9039,53,2010,15.0,4,674,5,1,1,30,2
505,40,2009,14.0,6,0,3,1,1,30,1
5204,1,2006,14.0,7,4201,3,1,1,30,2
6109,14,2009,11.0,7,0,3,1,1,30,3
39,52,2007,14.0,5,0,3,2,1,30,3
4364,22,2006,14.0,1,0,4,1,1,60,2
6,20,2006,16.0,6,0,1,2,1,70,3
131,46,2010,19.0,6,0,6,1,1,30,2
0,47,2014,13.0,5,0,6,1,1,30,2
0,6,2013,16.0,4,6060,6,1,1,30,3
406,1,2012,11.0,7,0,3,2,3,50,1
38,50,2005,9.0,5,38,3,2,1,30,3
6135,14,2014,14.0,7,6087,3,4,2,30,2
1237,12,2009,17.0,2,0,3,4,2,60,2
4110,20,2005,4.0,1,0,4,7,2,30,1
20,46,2009,12.0,1,0,1,1,2,70,3
40,43,2009,6.0,4,0,1,2,2,70,2
265,43,2005,12.0,4,0,6,1,1,30,2
267,47,2013,7.0,4,0,3,3,2,50,3
501,1,2014,11.0,2,4200,3,2,1,30,3
259,47,2005,16.0,5,0,3,2,1,40,1
3348,43,2012,17.0,5,3016,4,2,1,30,2
4363,22,2006,19.0,4,0,4,2,2,60,1
0,30,2006,14.0,3,0,6,2,1,30,3
4103,22,2006,5.0,5,0,3,2,2,50,2
1086,35,2012,17.0,1,0,4,3,1,30,2
52,31,2005,15.0,1,43,3,2,1,70,1
1,31,2007,12.0,3,0,5,1,1,60,1
123,1,2010,20.0,5,0,3,1,1,30,3
62,16,2005,4.0,1,62,1,1,4,70,1
202,10,2013,18.0,4,0,5,1,1,20,2
2112,47,2012,13.0,3,0,4,3,1,60,1
950,98,2009,17.0,4,14,6,1,1,30,2
6102,14,2007,19.0,2,0,3,1,1,40,2
103,21,2005,3.0,1,0,6,1,1,60,1
10,36,2014,0.0,3,0,3,1,1,40,2
75,98,2010,13.0,3,76,3,2,1,60,3
158,32,2011,10.0,5,0,3,3,1,40,3
420,52,2013,6.0,3,0,3,1,2,30,1
0,7,2014,18.0,5,0,6,1,1,40,2
0,1,2007,7.0,6,0,6,2,1,30,3
10,1,2014,9.0,7,504,3,2,1,30,3
1079,12,2011,6.0,3,0,3,2,2,60,1
53,21,2011,16.0,5,290,3,2,1,30,3
30,54,2010,20.0,1,332,3,2,1,60,2
1,1,2012,22.0,2,501,3,2,1,30,2
0,5,2005,9.0,5,0,6,1,1,30,3
0,42,2005,20.0,5,0,6,2,3,30,1
0,44,2012,16.0,1,0,6,2,1,30,3
30,50,2012,14.0,6,0,3,2,5,60,1
315,1,2010,19.0,4,0,3,2,1,30,2
39,52,2012,15.0,6,0,3,2,1,30,1
1,1,2006,18.0,6,0,3,1,1,30,1
2022,10,2012,14.0,7,0,6,2,2,30,3
3274,50,2014,3.0,1,0,4,1,2,60,2
6127,13,2011,3.0,1,6127,4,2,1,30,3
10,12,2013,19.0,2,0,6,1,1,30,2
120,43,2011,19.0,6,0,6,1,1,30,2
320,55,2005,0.0,1,320,5,1,1,30,3
6004,31,2006,14.0,3,0,4,2,1,30,2
525,60,2010,17.0,3,0,3,2,1,30,3
0,5,2014,22.0,6,0,6,1,1,30,2
